name,latitude_deg,longitude_deg,icao_code
Ocean Reef Club Airport,25.325399,-80.274803,
Aleknagik / New Airport,59.2826004,-158.6179962,
Sas Al Nakheel Air Base,24.44128,54.51696,OMNK
Burton-Nibbs International Airport,17.621194,-61.798347,TAPB
Honiara International Airport,-9.428,160.054993,AGGH
Munda Airport,-8.32797,157.263,AGGM
Nauru International Airport,-0.547893,166.919525,ANYN
Grandfather Skiway,-77.530242,-31.827393,
Boulder Clay Runway,-74.739373,164.03539,
Chamical Airport,-30.345303,-66.294072,SACT
Aeroestación Yabotí,-27.180308,-54.107368,
[Duplicate] Aeropuerto Pergamino,-33.89603,-60.5748,
Concordia Skyway,-75.103278,123.35825,
Vostok Skiway,-78.466139,106.84825,
[Duplicate] Wolf's Fang Runway,-71.5264,8.799459,
Nackeroo Airfield,-15.578026,130.475993,YNKR
[Duplicate] Western Sydney International Airport,-33.888056,150.714722,
Alxa Left Banner Bayanhot Airport,38.748317,105.58416,ZBAL
Baimuru Airport,-7.496955,144.821756,AYBA
Buka Airport,-5.422299,154.672698,AYBK
Balimo Airport,-8.050000191,142.9329987,AYBM
Chimbu Airport,-6.024290085,144.970993,AYCH
Daru Airport,-9.08676,143.207993,AYDU
Goroka Airport,-6.081689835,145.3919983,AYGA
Gurney Airport,-10.3114996,150.3339996,AYGN
Girua Airport,-8.80453968,148.3090057,AYGR
Hoskins Airport,-5.463846,150.407327,AYHK
Kerema Airport,-7.963610172,145.7709961,AYKM
Kavieng Airport,-2.579400063,150.8079987,AYKV
Madang Airport,-5.207079887,145.7890015,AYMD
Mount Hagen Kagamuga Airport,-5.828212,144.299412,AYMH
Mendi Airport,-6.14774,143.656998,AYMN
Momote Airport,-2.06189,147.423996,AYMO
Nadzab Tomodachi International Airport,-6.567995,146.726544,AYNZ
Port Moresby Jacksons International Airport,-9.443380356,147.2200012,AYPY
Tokua Airport,-4.34046,152.380005,AYTK
Vanimo Airport,-2.6926,141.3028,AYVN
Wapenamanda Airport,-5.635293,143.892231,AYWD
Wewak International Airport,-3.583830118,143.6690063,AYWK
Zabrat Airport,40.494884,49.977065,UBTT
Sitalchay Airbase,40.807313,49.431481,
Qizilagach Air Base,39.006162,48.806312,
Benguera Island Airport,-21.8533,35.438301,
Bezmer Air Base,42.454899,26.3522,
Aasiaat Airport,68.721802,-52.784698,BGAA
Neerlerit Inaat Airport,70.743103,-22.650499,BGCO
Nuuk International Airport,64.191066,-51.67914,BGGH
Ilulissat Airport,69.243202,-51.057098,BGJN
Kulusuk Airport,65.573601,-37.1236,BGKK
Qaanaaq Airport,77.488602,-69.388702,BGQQ
Kangerlussuaq International Airport,67.010446,-50.715294,BGSF
Sisimiut Airport,66.951302,-53.729301,BGSS
Pituffik Space Base,76.53063,-68.700541,BGTL
Akureyri International Airport,65.656573,-18.072018,BIAR
Bildudalur Airport,65.641296,-23.5462,BIBD
Egilsstaðir Airport,65.28330231,-14.40139961,BIEG
Grímsey Airport,66.5458,-18.0173,BIGR
Hornafjörður Airport,64.295601,-15.2272,BIHN
Húsavík Airport,65.952301,-17.426001,BIHU
Ísafjörður Airport,66.058098,-23.1353,BIIS
Keflavik International Airport,63.985001,-22.6056,BIKF
Reykjavík Domestic Airport,64.128732,-21.93759,BIRK
Mývatn Airport,65.6558,-16.9181,BIRL
Siglufjörður Airport,66.137847,-18.908157,BISI
Vestmannaeyjar Airport,63.42430115,-20.27890015,BIVM
Vopnafjörður Airport,65.720596,-14.8506,BIVO
Tourou International Airport,9.391186,2.507311,
Priština Adem Jashari International Airport,42.5728,21.035801,BKPR
Glauber de Andrade Rocha Airport,-14.907885,-40.914804,SBVC
Russas - João de Deus Regional Airport,-4.94727,-38.008202,
Betong International Airport,5.79,101.15,VTSY
Orsha Airport - Balbasovo Air Base,54.439999,30.2967,
Osovtsy Air Base,52.556999,24.884001,
Caye Caulker Airport,17.735015,-88.032862,
Caye Chapel Airport,17.683792,-88.044985,
Corozal Airport,18.3822,-88.411903,
Dangriga Airport,16.98251,-88.230988,
Sartaneja Airport,18.3561,-88.130798,
John Greif II Airport,17.9139,-87.9711,
Sir Barry Bowen Municipal Airport,17.517239,-88.195775,
Bazaruto Island Airport,-21.5411,35.4729,
Anahim Lake Airport,52.451501,-125.303776,
Qualicum Beach Airport,49.337456,-124.393086,
Cache Creek-Ashcroft Regional Airport,50.775258,-121.321314,
Bella Bella (Campbell Island) Airport,52.185001,-128.156994,CBBC
Laohutun Air Base,39.669998,121.765999,
Pulandian Air Base,39.450901,122.017998,
Beijing Shahezhen Air Base,40.14916611,116.3213882,
Beijing Tongxian Air Base,39.81111145,116.7083359,
Fengning Air Base,41.26079941,116.6179962,
Hohhot Bikeqi Air Base,40.737015,111.229749,
Huairen Air Base,39.717499,113.142998,
Liangxiangzhen Air Base,39.757801,116.125999,
Tangguantun Air Base,38.781101,117.068001,
Wenshui Air Base,37.407799,111.966003,
Yangcun Air Base,39.37329865,117.0950012,
Yongning Air Base,40.50310135,116.1080017,
Tangshan Zunhua Air Base,40.102501,117.887001,
Chengdu Huangtianba Air Base,30.705299,103.949997,
Chongqing Baishiyi Air Base,29.4953,106.359001,
Luliang Air Base,24.988192,103.642833,
Honghe Mengzi Airport / Mengzi Air Base,23.3953,103.334,
Qionglai Air Base,30.49099,103.466139,
Wenshan Air Base,23.71559906,103.8270035,
Xiangyun Midu Air Base,25.445299,100.735001,
Baihe Ningming Air Base,22.120481,107.125046,
Changsha Datuopu Airport / Changsha Air Base,28.068522,112.957306,
Dangyang Air Base,30.798599,111.809998,
Foluo Northeast Air Base,18.6922,109.161003,
Bazhong Enyang Airport,31.73842,106.644872,ZUBZ
Guiping Mengxu Air Base,23.330799,110.009003,
Jialaishi Air Base,19.697201,109.725998,
Leiyang Air Base,26.58720016,112.8919983,
Lingshui Air Base,18.4944,109.987999,
Shangqiu Air Base,34.449507,115.459261,
Zhengzhou Air Base,34.86125,113.729631,
Shaoguan Danxia Airport,24.9786,113.420998,ZGSG
Suixi Air Base,21.3958,110.199997,
Jinggangshan Airport,26.856899,114.737,ZSGS
Guodu Air Base,36.000428,117.625833,
Xiaogan Air Base,30.95359,113.911774,
Cangxian Air Base,38.403025,116.930924,
Jiaozhou Jiaocheng Air Base,36.331163,120.025538,
Jiugucheng Air Base,37.491153,116.116726,
Kaifeng Air Base,34.75389862,114.3389969,
Laiyang Air Base,36.9636,120.591003,
Luyang Air Base,33.685434,112.89053,
Xuzhou Daguozhang Air Base,34.229285,117.245665,
Zhucheng Air Base,36.027468,119.43778,
Baoji Air Base,34.53125,107.470679,
Hainanzhou Gonghe Airport,36.3367,100.480003,ZLHN
Huangdicun Naval Air Base,40.49979,120.659295,
Lanzhou Air Base,35.917801,104.218002,
Lintao Air Base,35.3083,103.835999,
Qingshui Air Base,39.554699,98.884201,
Ürümqi South Air Base,43.466593,87.531177,
Malan Air Base,42.180621,87.186784,
Wugong Air Base,34.275907,108.2658,
Ürümqi Changji Air Base,43.951175,87.079232,
Wuwei Air Base,37.9883,102.567001,
Xi'an Air Base,34.153059,108.599739,
Xincheng Air Base,25.5483,114.619003,
Yaerbashi Test Range,43.077202,92.808098,
Yanliang Air Base,34.642248,109.241867,
Daishan Air Base,30.287581,122.144401,
Feidong Air Base,31.909401,117.658997,
Fuzhou Air Base,26.003857,119.312832,
Huian Air Base,25.0261,118.806999,
Hangzhou Jianqiao Airport,30.3353,120.240997,
Jiaxing Nanhu Airport,30.698056,120.663056,ZSJX
Longtian Air Base,25.5728,119.459999,
Nanchang Xiangtang Air Base,28.421205,115.923375,
Ningbo Zhuangqiao Air Base,29.9228,121.573997,
Shanghai Dachang Air Base,31.324438,121.409508,
Wuhan Hannan Municipal Airport,30.25521,114.062805,
Zhangshu Air Base,28.023283,115.549649,
Changchun Air Base,43.906591,125.197005,
Beijing Nanjiao Airport,39.482845,116.372295,ZBNJ
Dingxin-Shuangchengzi Air Base,40.401402,99.789398,
Fuxin Air Base,42.078899,121.662003,
Gongzhuling Air Base,43.526293,124.78466,
Kaiyuan Air Base,42.525934,123.984683,
Lalin Air Base,45.259457,126.893536,
Pingquan Air Base,40.900409,118.677878,
Shenyang Beiling Air Base,41.8708,123.439003,
Shenyang Yuhong Quansheng Airport,41.822498,123.299004,
Siping Air Base,43.156898,124.292,
Suizhong Air Base,40.298992,120.36152,
Tuchengzi Air Base,38.912201,121.238998,
Shigatse Tingri Airport,28.604567,86.798,ZUDR
Tashikuergan Hongqilafu Airport,37.661333,75.288877,ZWTK
Jiande Qiandaohu General Airport,29.360905,119.180829,
Sanya Air Base,18.28754,109.46372,
Chenghu General Airport,31.215334,120.789328,
Anji Tianzihu General Airport,30.797725,119.590287,
Jiuzhou Airport,26.998259,107.759571,
Paozhuwan Air Base,30.673944,114.63089,
Shanpo Air Base,30.087612,114.31366,
Ali Pulan Airport,30.397898,81.13317,ZUPL
Shaodong Airport,27.2235,111.6741,
Ningxiang Airport,27.987589,112.604971,
Hohhot Shengle International Airport (under construction),40.480965,111.575174,
Zhaotong Zhaoyang Airport （Not fully opened),27.205843,103.691511,ZPZT
Bengbu Tenghu Airport,33.166292,117.058344,ZSBA
[Duplicate] Beijing Xijiao Airport,39.958592,116.256765,ZBXJ
Hancheng Heyang Airport,35.329133,110.3829,
Sanshilipu Air Base,39.289671,121.762195,
Brampton-Caledon Airport,43.7603,-79.875,
[Duplicate] Holguín Air Base,20.786418,-76.318513,
Fort Frances Municipal Airport,48.655749,-93.44349,CYAG
La Grande-4 Airport,53.75469971,-73.6753006,CYAH
Sault Ste Marie Airport,46.483216,-84.508467,CYAM
Kasabonika Airport,53.52470016,-88.64279938,CYAQ
Winnipeg / St. Andrews Airport,50.0564,-97.032501,CYAV
Lac du Bonnet Airport,50.294399,-96.010002,CYAX
St. Anthony Airport,51.391909,-56.08321,CYAY
Tofino / Long Beach Airport,49.079833,-125.775583,CYAZ
Baie-Comeau Airport,49.1325,-68.204399,CYBC
Bella Coola Airport,52.387501,-126.596001,CYBD
Bonnyville Airport,54.304199,-110.744003,CYBF
Saguenay-Bagotville Airport,48.330123,-70.992012,CYBG
Baker Lake Airport,64.29889679,-96.07779694,CYBK
Campbell River Airport,49.950802,-125.271004,CYBL
Brandon Municipal Airport,49.91,-99.951897,CYBR
Nipawin Airport,53.33250046,-104.0080032,
Calgary / Springbank Airport,51.103982,-114.369378,
Lourdes-de-Blanc-Sablon Airport,51.4436,-57.185299,CYBX
Cambridge Bay Airport,69.10810089,-105.1380005,CYCB
Cornwall Regional Airport,45.092637,-74.567724,CYCC
Nanaimo Airport,49.05497,-123.869863,CYCD
Centralia / James T. Field Memorial Aerodrome,43.285599,-81.508301,CYCE
Castlegar/West Kootenay Regional Airport,49.296398,-117.632004,CYCG
Miramichi Airport,47.007801,-65.449203,CYCH
Charlo Airport,47.990799,-66.330299,CYCL
Cochrane Airport,49.10559845,-81.01360321,CYCN
Blue River Airport,52.11669922,-119.2829971,
Chetwynd Airport,55.68719864,-121.6269989,CYCQ
Dawson City Airport,64.04309845,-139.128006,CYDA
Burwash Airport,61.371101,-139.041,CYDB
Deer Lake Airport,49.208159,-57.396147,CYDF
Ross River Airport,61.97060013,-132.4230042,CYDM
Dauphin Barker Airport,51.1008,-100.052002,CYDN
Dolbeau-Saint-Felicien Airport,48.7785,-72.375,CYDO
Dawson Creek Airport,55.741245,-120.183263,CYDQ
Huronia Airport,44.68330002,-79.92829895,
Edmonton International Airport,53.3097,-113.580002,CYEG
Elliot Lake Municipal Airport,46.35139847,-82.56140137,CYEL
Manitoulin East Municipal Airport,45.842435,-81.857595,CYEM
Estevan Airport,49.21030045,-102.9660034,CYEN
Edson Airport,53.57889938,-116.4649963,CYET
Inuvik Mike Zubko Airport,68.30419922,-133.4830017,CYEV
Amos/Magny Airport,48.563903,-78.249702,CYEY
Iqaluit Airport,63.756402,-68.555801,CYFB
Fredericton International Airport,45.868697,-66.529891,CYFC
Brantford Municipal Airport,43.131401,-80.342499,
Forestville Airport,48.74610138,-69.09719849,CYFE
Mont-Tremblant International Airport,46.409401,-74.779999,CYFJ
Fort Resolution Airport,61.18080139,-113.6900024,CYFR
Fort Simpson Airport,61.7602005,-121.2369995,CYFS
Goderich Airport,43.76689911,-81.71060181,
Golden Airport,51.299196,-116.982002,
Kingston Norman Rogers Airport,44.2253,-76.596901,CYGK
La Grande Rivière Airport,53.62530136,-77.70420074,CYGL
Gimli Industrial Park Airport,50.62810135,-97.04329681,CYGM
Michel-Pouliot Gaspé Airport,48.774915,-64.481893,CYGP
Geraldton Greenstone Regional Airport,49.77830124,-86.93939972,CYGQ
Îles-de-la-Madeleine Airport,47.425242,-61.778612,CYGR
Havre-Saint-Pierre Airport,50.281898,-63.611401,CYGV
Kuujjuarapik Airport,55.2818985,-77.76529694,CYGW
Dryden Regional Airport,49.831699,-92.744202,CYHD
Hearst René Fontaine Municipal Airport,49.71419907,-83.68609619,CYHF
John C. Munro Hamilton International Airport,43.17348,-79.931185,CYHM
Hornepayne Municipal Airport,49.19309998,-84.7589035,CYHN
Haines Junction Airport,60.7892,-137.546005,CYHT
Montréal / Saint-Hubert Metropolitan Airport,45.517502,-73.416901,CYHU
Hay River / Merlyn Carter Airport,60.83969879,-115.7829971,CYHY
Halifax / Stanfield International Airport,44.88079834,-63.50859833,CYHZ
Atikokan Municipal Airport,48.773899,-91.638603,CYIB
Digby / Annapolis Regional Airport,44.54584504,-65.78542471,CYID
St Augustin Airport,51.2117,-58.658298,CYIF
Island Lake Airport,53.85720062,-94.6536026,CYIV
Fort Liard Airport,60.2358017,-123.4690018,CYJF
St Jean Airport,45.29439926,-73.28109741,CYJN
Stephenville Dymond International Airport,48.54339,-58.552892,CYJT
Kamloops John Moose Fulton Field Regional Airport,50.703038,-120.448641,CYKA
Region of Waterloo International Airport,43.4608,-80.378601,CYKF
Key Lake Airport,57.2560997,-105.6179962,CYKJ
Schefferville Airport,54.80530167,-66.80529785,CYKL
Kincardine Municipal Airport,44.201401,-81.606697,CYKM
Kirkland Lake Airport,48.21030045,-79.98139954,CYKX
Kindersley Airport,51.51750183,-109.1809998,CYKY
Chapleau Airport,47.81999969,-83.34670258,CYLD
Meadow Lake Airport,54.12530136,-108.5230026,CYLJ
Lloydminster Airport,53.3092,-110.072998,CYLL
Leaf Rapids Airport,56.51330185,-99.98529816,CYLR
Barrie-Lake Simcoe Regional Airport,44.485056,-79.554663,CYLS
Alert Airport,82.517263,-62.283037,CYLT
Kelowna International Airport,49.9561,-119.377998,CYLW
Mayo Airport,63.61640167,-135.8679962,CYMA
Matane Airport,48.85689926,-67.45330048,CYME
Manitouwadge Airport,49.08390045,-85.86060333,CYMG
Moose Jaw Air Vice Marshal C. M. McEwen Airport,50.33029938,-105.5589981,CYMJ
Charlevoix Airport,47.59749985,-70.22389984,CYML
Fort McMurray International Airport,56.653301,-111.222,CYMM
Moosonee Airport,51.29109955,-80.60780334,CYMO
Chapais Airport,49.77190018,-74.52809906,CYMT
Montreal Mirabel International Airport,45.679501,-74.038696,CYMX
Natashquan Airport,50.190114,-61.78898,CYNA
Ottawa / Gatineau Airport,45.521702,-75.563599,CYND
Langley Airport,49.1008,-122.630997,CYNJ
Points North Landing Airport,58.27669907,-104.0820007,CYNL
Matagami Airport,49.76169968,-77.80280304,CYNM
Nejanilini Lake Airport,59.48749924,-97.78029633,
Ekati Airport,64.69889832,-110.6149979,CYOA
CFB Cold Lake,54.40499878,-110.2789993,CYOD
High Level Airport,58.62139893,-117.1650009,CYOJ
Oshawa Executive Airport,43.922798,-78.894997,CYOO
Rainbow Lake Airport,58.491402,-119.407997,CYOP
Owen Sound / Billy Bishop Regional Airport,44.59030151,-80.83750153,CYOS
Ottawa Macdonald-Cartier International Airport,45.322498,-75.669197,CYOW
Prince Albert Glass Field,53.21419907,-105.6729965,CYPA
Port Hawkesbury Airport,45.65670013,-61.36809921,CYPD
Peace River Airport,56.226898,-117.446999,CYPE
Portage-la-Prairie / Southport Airport,49.903099,-98.273817,CYPG
Pitt Meadows Regional Airport,49.21488,-122.709294,CYPK
Pickle Lake Airport,51.44639969,-90.21420288,CYPL
Port-Menier Airport,49.836399,-64.288597,CYPN
Peterborough Regional Airport,44.232251,-78.362053,CYPQ
Prince Rupert Airport,54.28609848,-130.4450073,CYPR
Powell River Airport,49.83420181,-124.5,CYPW
Puvirnituq Airport,60.050598,-77.286903,CYPX
Fort Chipewyan Airport,58.76720047,-111.1169968,CYPY
Burns Lake Airport,54.3764,-125.950996,CYPZ
Muskoka Airport,44.975376,-79.306546,CYQA
Quebec Jean Lesage International Airport,46.7911,-71.393303,CYQB
The Pas Airport,53.97140121,-101.0910034,CYQD
Red Deer Regional Airport,52.182201,-113.893997,CYQF
Windsor International Airport,42.2756,-82.955597,CYQG
Watson Lake Airport,60.116839,-128.821993,CYQH
Yarmouth Airport,43.82690048,-66.08809662,CYQI
Kenora Airport,49.78829956,-94.36309814,CYQK
Lethbridge County Airport,49.63029861,-112.8000031,CYQL
Greater Moncton Roméo LeBlanc International Airport,46.113189,-64.67719,CYQM
Nakina Airport,50.18280029,-86.6964035,CYQN
Comox Valley International Airport / CFB Comox,49.7108,-124.887001,CYQQ
Regina International Airport,50.431938,-104.660906,CYQR
St Thomas Municipal Airport,42.77000046,-81.1108017,CYQS
Thunder Bay International Airport,48.371899,-89.323898,CYQT
Grande Prairie Airport,55.17969894,-118.8850021,CYQU
Yorkton Municipal Airport,51.264702,-102.461998,CYQV
North Battleford Airport,52.769409,-108.243742,CYQW
Gander International Airport,48.936258,-54.567719,CYQX
Sydney / J.A. Douglas McCurdy Airport,46.161072,-60.049759,CYQY
Quesnel Airport,53.02610016,-122.5100021,CYQZ
Resolute Bay Airport,74.71690369,-94.9693985,CYRB
Rivière-du-Loup Airport,47.76440048,-69.58470154,CYRI
Roberval Airport,48.519665,-72.265735,CYRJ
Red Lake Airport,51.06689835,-93.79309845,CYRL
Ottawa / Rockcliffe Airport,45.460496,-75.644001,CYRO
Ottawa / Carp Airport,45.31919861,-76.02220154,
Trois-Rivières Airport,46.35279846,-72.67939758,CYRQ
Rankin Inlet Airport,62.81140137,-92.11579895,CYRT
Revelstoke Airport,50.962245,-118.184258,CYRV
Sudbury Airport,46.625,-80.79889679,CYSB
Sherbrooke Airport,45.438599,-71.691399,CYSC
Stony Rapids Airport,59.25030136,-105.8410034,CYSF
Saint-Georges Airport,46.096401,-70.714699,
Smiths Falls-Montague (Russ Beach) Airport,44.945801,-75.940598,CYSH
Saint John Airport,45.31610107,-65.89029694,CYSJ
Saint-Léonard Airport,47.157097,-67.836242,CYSL
Fort Smith Airport,60.020302,-111.961998,CYSM
Niagara District Airport,43.191598,-79.171686,CYSN
Marathon Airport,48.75529861,-86.3443985,CYSP
Summerside Airport,46.440601,-63.833599,CYSU
Pembroke Airport,45.86439896,-77.25170135,CYTA
Alma Airport,48.5089,-71.641899,CYTF
Thompson Airport,55.80110168,-97.86419678,CYTH
CFB Trenton,44.1189003,-77.52809906,CYTR
Timmins/Victor M. Power,48.56969833,-81.37670136,CYTS
Billy Bishop Toronto City Airport,43.627852,-79.39553,CYTZ
Montreal / Pierre Elliott Trudeau International Airport,45.467837,-73.742294,CYUL
Hall Beach Airport,68.7761,-81.2425,CYUX
Rouyn Noranda Airport,48.20610046,-78.83560181,CYUY
Bonaventure Airport,48.071098,-65.460297,CYVB
La Ronge Airport,55.15140152,-105.262001,CYVC
Virden / RJ (Bob) Andrew Field Regional Aerodrome,49.8783,-100.917999,
Vernon Regional Airport,50.246163,-119.330963,CYVK
Val-d'Or Airport,48.05329895,-77.78279877,CYVO
Kuujjuaq Airport,58.09609985,-68.42690277,CYVP
Norman Wells Airport,65.28160095,-126.7979965,CYVQ
Vancouver International Airport,49.193901,-123.183998,CYVR
Wiarton Airport,44.7458,-81.107201,CYVV
Winnipeg / James Armstrong Richardson International Airport,49.90999985,-97.23989868,CYWG
Wabush Airport,52.9219017,-66.86440277,CYWK
Williams Lake Airport,52.18310165,-122.0540009,CYWL
Wrigley Airport,63.20940018,-123.4369965,CYWY
Cranbrook/Canadian Rockies International Airport,49.610802,-115.781998,CYXC
Saskatoon John G. Diefenbaker International Airport,52.170723,-106.700793,CYXE
Medicine Hat Regional Airport,50.018902,-110.721001,CYXH
Fort St John / North Peace Regional Airport,56.238098,-120.739998,CYXJ
Rimouski Airport,48.477644,-68.496323,CYXK
Sioux Lookout Airport,50.11389923,-91.90529633,CYXL
Beaver Creek Airport,62.41030121,-140.8670044,CYXQ
Earlton (Timiskaming Regional) Airport,47.69740065,-79.84734535,CYXR
Prince George (International) Airport,53.884311,-122.666554,CYXS
Northwest Regional Airport Terrace-Kitimat,54.468498,-128.576009,CYXT
London International Airport,43.032845,-81.149003,CYXU
Abbotsford International Airport,49.025299,-122.361,CYXX
Whitehorse / Erik Nielsen International Airport,60.708533,-135.065705,CYXY
Wawa Airport,47.96670151,-84.78669739,CYXZ
North Bay Jack Garland Airport,46.363602,-79.422798,CYYB
Calgary International Airport,51.118822,-114.009933,CYYC
Smithers Airport,54.8246994,-127.1829987,CYYD
Fort Nelson Airport,58.83639908,-122.5970001,CYYE
Penticton Airport,49.46310043,-119.6019974,CYYF
Charlottetown Airport,46.288911,-63.125174,CYYG
Victoria International Airport,48.647201,-123.427792,CYYJ
Lynn Lake Airport,56.86389923,-101.0759964,CYYL
Swift Current Airport,50.29190063,-107.6910019,CYYN
Churchill Airport,58.73920059,-94.06500244,CYYQ
Goose Bay Airport,53.31919861,-60.42580032,CYYR
St. John's International Airport,47.618599,-52.7519,CYYT
Kapuskasing Airport,49.411587,-82.469645,CYYU
Armstrong Airport,50.29029846,-88.90969849,CYYW
Mont Joli Airport,48.60860062,-68.20809937,CYYY
Toronto Pearson International Airport,43.675935,-79.629421,CYYZ
Gore Bay Manitoulin Airport,45.8853,-82.567802,CYZE
Yellowknife International Airport,62.462799,-114.440002,CYZF
Slave Lake Airport,55.292945,-114.777276,CYZH
Sandspit Airport,53.25429916,-131.8139954,CYZP
Chris Hadfield Airport,42.999401,-82.308899,CYZR
Coral Harbour Airport,64.19329834,-83.35939789,CYZS
Port Hardy Airport,50.68059921,-127.3669968,CYZT
Whitecourt Airport,54.143902,-115.787003,CYZU
Sept-Îles Airport,50.22330093,-66.26560211,CYZV
Teslin Airport,60.17279816,-132.7429962,CYZW
CFB Greenwood,44.9844017,-64.91690063,CYZX
Mackenzie Airport,55.297786,-123.133907,
Kostomlaty Airstrip,50.20843,14.92585,
Shuswap Regional Airport,50.682802,-119.228996,CZAM
Boundary Bay Airport,49.074338,-123.006877,CZBB
Bathurst Airport,47.6297,-65.738899,CZBF
Bromont (Roland Désourdy) Airport,45.290798,-72.741402,CZBM
Kelsey Airport,56.03749847,-96.50969696,CZEE
Faro Airport,62.20750046,-133.3760071,CZFA
Grand Forks Airport,49.015598,-118.431,CZGF
Jenpeg Airport,54.51890182,-98.0460968,CZJG
Swan River Airport,52.120602,-101.236,CZJN
Thicket Portage Airport,55.31890106,-97.70780182,CZLQ
Pikwitonei Airport,55.58890152,-97.16419983,CZMN
Masset Airport,54.0275,-132.125,CZMT
Pincher Creek Airport,49.520429,-113.997002,CZPC
Sandy Lake Airport,53.06420135,-93.3443985,CZSJ
Stewart Airport,55.93541045,-129.9824345,CZST
Ignace Municipal Airport,49.428204,-91.720418,CZUC
Blida Airport,36.503601,2.81417,DAAB
Bou Saada Airport,35.3325,4.20639,DAAD
Soummam–Abane Ramdane Airport,36.712547,5.069909,DAAE
Houari Boumediene Airport,36.693886,3.214531,DAAG
Tiska Djanet Airport,24.285448,9.463652,DAAJ
Boufarik Air Base,36.545799,2.87611,DAAK
Illizi Takhamalt Airport,26.723499,8.62265,DAAP
Ain Arnat Airport,36.178488,5.329909,DAAS
Aguenar – Hadj Bey Akhamok Airport,22.810992,5.450832,DAAT
Jijel Ferhat Abbas Airport,36.794125,5.873652,DAAV
Mecheria Airport,33.53590012,-0.242353007,DAAY
Relizane Airport,35.752955,0.625877,DAAZ
Annaba Rabah Bitat Airport,36.826781,7.81334,DABB
Mohamed Boudiaf International Airport,36.276001,6.62039,DABC
Cheikh Larbi Tébessi Airport,35.43159866,8.12071991,DABS
Batna Mostefa Ben Boulaid Airport,35.752102,6.30859,DABT
Hassi R'Mel Airport,32.930401,3.31154,DAFH
Abdelhafid Boussouf Bou Chekif Airport,35.341099,1.46315,DAOB
Tindouf Airport,27.7003994,-8.167099953,DAOF
Chlef Aboubakr Belkaid International Airport,36.216614,1.341114,DAOI
Oran Tafraoui Airport,35.5424,-0.532278,DAOL
Zenata – Messali El Hadj Airport,35.012732,-1.457117,DAON
Oran Es-Sénia (Ahmed Ben Bella) International Airport,35.620648,-0.622486,DAOO
Béchar Boudghene Ben Ali Lotfi Airport,31.64570045,-2.269860029,DAOR
Ghriss Airport,35.207699,0.147142,DAOV
Bordj Badji Mokhtar Airport,21.3778,0.92698,DATM
Touat-Cheikh Sidi Mohamed Belkebir Airport,27.837601,-0.186414,DAUA
Biskra - Mohamed Khider Airport,34.79318,5.738899,DAUB
El Golea Airport,30.580732,2.861595,DAUE
Noumérat - Moufdi Zakaria Airport,32.384102,3.79411,DAUG
Hassi Messaoud-Oued Irara Krim Belkacem Airport,31.673,6.14044,DAUH
In Salah Airport,27.250999,2.51202,DAUI
Touggourt Sidi Madhi Airport,33.067799,6.08867,DAUK
Laghouat - Molay Ahmed Medeghri Airport,33.7644,2.92834,DAUL
Guemar Airport - مطار قمار بالوادي,33.511398,6.77679,DAUO
Timimoun Airport,29.237101,0.276033,DAUT
Ain Beida Airport,31.9172,5.41278,DAUU
Zarzaitine - In Aménas Airport,28.0515,9.64291,DAUZ
Cotonou Cadjehoun International Airport,6.35723,2.38435,DBBB
Ouagadougou Thomas Sankara International Airport,12.3532,-1.51242,DFFD
Bobo Dioulasso Airport,11.1601,-4.33097,DFOO
Kotoka International Airport,5.6051898,-0.166786,DGAA
Ho Airport,6.579691,0.532547,DGAH
Yakubu Tali International Airport,9.553909,-0.86606,DGLE
Prempeh I International Airport,6.71456,-1.59082,DGSI
Sunyani Airport,7.36183,-2.32876,DGSN
Takoradi Airport,4.89605999,-1.774760008,DGTK
Félix-Houphouët-Boigny International Airport,5.26139,-3.92629,DIAP
Bouaké Airport,7.7388,-5.07367,DIBK
Daloa Airport,6.79281,-6.47319,DIDL
Korhogo Airport,9.38718,-5.55666,DIKO
Man Airport,7.27207,-7.58736,DIMN
San Pedro Airport,4.74672,-6.66082,DISP
Yamoussoukro International Airport,6.90317,-5.36558,DIYO
Umaru Musa Yar'adua Airport,13.0078,7.66045,DNKT
Nnamdi Azikiwe International Airport,9.00679,7.26317,DNAA
Akwa Ibom International Airport,4.8725,8.093,DNAI
Akure Airport,7.246739864,5.301010132,DNAK
Asaba International Airport,6.204167,6.665278,DNAS
Sir Abubakar Tafawa Balewa Bauchi State International Airport,10.482833,9.744,DNBC
Benin Airport,6.316979885,5.599500179,DNBE
Bayelsa International Airport,4.95759,6.203327,
Margaret Ekpo International Airport,4.976019859,8.347200394,DNCA
Akanu Ibiam International Airport,6.473718,7.560463,DNEN
Gombe Lawanti International Airport,10.298889,10.9,DNGO
Gusau Airport,12.17286,6.696136,DNGU
Ibadan Airport,7.362460136,3.978329897,DNIB
General Tunde Idiagbon International Airport,8.44021,4.49392,DNIL
Sam Mbakwe International Cargo Airport,5.42706,7.20603,DNIM
Yakubu Gowon Airport,9.639829636,8.869050026,DNJO
Kaduna International Airport,10.696,7.32011,DNKA
Mallam Aminu Kano International Airport,12.045613,8.523566,DNKN
Maiduguri International Airport,11.854163,13.080702,DNMA
Makurdi Airport,7.70388,8.61394,DNMK
Murtala Muhammed International Airport,6.57737,3.32116,DNMM
Minna Airport,9.652170181,6.462259769,DNMN
Port Harcourt International Airport,5.01549,6.94959,DNPO
Sadiq Abubakar III International Airport,12.915729,5.207547,DNSO
Warri Airport,5.59821,5.8187,DNSU
Yola Airport,9.25755024,12.43039989,DNYO
Zaria Airport,11.1302,7.68581,DNZA
Maradi Airport,13.5025,7.12675,DRRM
Diori Hamani International Airport,13.4815,2.18361,DRRN
Tahoua Airport,14.8757,5.26536,DRRT
Mano Dayak International Airport,16.966,8.00011,DRZA
Zinder Airport,13.77900028,8.98375988,DRZR
Tabarka-Aïn Draham International Airport,36.98,8.87694,DTKA
Monastir Habib Bourguiba International Airport,35.7580986,10.75469971,DTMB
Enfidha - Hammamet International Airport,36.075833,10.438611,DTNH
Tunis Carthage International Airport,36.851002,10.2272,DTTA
Bizerte Sidi Ahmed Air Base,37.242356,9.787016,DTTB
Remada Air Base,32.306198,10.3821,DTTD
Gafsa Ksar International Airport,34.42200089,8.822500229,DTTF
Gabès Matmata International Airport,33.733691,9.91941,DTTG
Djerba Zarzis International Airport,33.873719,10.7773,DTTJ
El Borma Airport,31.7043,9.25462,DTTR
Sfax Thyna International Airport,34.717999,10.691,DTTX
Tozeur Nefta International Airport,33.93970108,8.110560417,DTTZ
Niamtougou International Airport,9.766675,1.090944,DXNG
Lomé–Tokoin International Airport,6.16561,1.25451,DXXX
Amguid Regional Airport,26.393417,5.325419,
Antwerp International Airport (Deurne),51.190667,4.463153,EBAW
Beauvechain Air Base,50.758598,4.76833,EBBE
Kleine Brogel Air Base,51.168301,5.47,
Brussels Airport,50.901402,4.48444,EBBR
Brussels South Charleroi Airport,50.461963,4.459562,EBCI
Chièvres Air Base,50.575802,3.831,EBCV
Koksijde Air Base,51.090302,2.65278,EBFN
Florennes Air Base,50.24330139,4.645830154,
Kortrijk-Wevelgem International Airport,50.818878,3.209551,EBKT
Liège Airport,50.638574,5.443897,EBLG
Ostend-Bruges International Airport,51.1998,2.874673,EBOS
Leipzig–Altenburg Airport,50.981945,12.506389,EDAC
Heringsdorf Airport,53.8787,14.1523,EDAH
Neubrandenburg Trollenhagen Airport,53.6022,13.306,EDBN
Rothenburg/Görlitz Airfield,51.363335,14.95,EDBR
Berlin Brandenburg Airport,52.361738,13.502341,EDDB
Dresden Airport,51.134123,13.767831,EDDC
Erfurt-Weimar Airport,50.978281,10.960713,EDDE
Frankfurt Main Airport,50.026706,8.55835,EDDF
Münster Osnabrück Airport,52.133816,7.688482,EDDG
Hamburg Helmut Schmidt Airport,53.630402,9.98823,EDDH
Cologne Bonn Airport,50.865898,7.14274,EDDK
Düsseldorf Airport,51.289501,6.76678,EDDL
Munich Airport,48.353802,11.7861,EDDM
Nuremberg Airport,49.498699,11.078056,EDDN
Leipzig/Halle Airport,51.420657,12.232705,EDDP
Saarbrücken Airport,49.214545,7.109735,EDDR
Stuttgart Airport,48.689899,9.22196,EDDS
Hannover Airport,52.461102,9.68508,EDDV
Bremen Airport,53.046786,8.78932,EDDW
Frankfurt-Egelsbach Airport,49.96,8.643043,EDFE
Frankfurt-Hahn Airport,49.946353,7.261734,EDFH
Mannheim-City Airport,49.473057,8.514167,EDFM
Mainz-Finthen Airfield,49.967499,8.147222,EDFZ
Eisenach-Kindel Airport,50.991604,10.47973,EDGE
Siegerland Airport,50.707699,8.08297,EDGS
Hamburg-Finkenwerder Airport,53.535278,9.835556,EDHI
Kiel-Holtenau Airport,54.37957,10.145266,EDHK
Lübeck Blankensee Airport,53.805401,10.7192,EDHL
Memmingen Allgau Airport,47.988092,10.238248,EDJA
Bielefeld Airport,51.964722,8.544444,EDLI
Mönchengladbach Airport,51.230278,6.504444,EDLN
Paderborn Lippstadt Airport,51.612527,8.617459,EDLP
Weeze (Niederrhein) Airport,51.601362,6.141228,EDLV
Dortmund Airport,51.518299,7.61224,EDLW
Augsburg Airport,48.425278,10.931667,EDMA
Landshut Airfield,48.512019,12.034865,EDML
Oberpfaffenhofen Airport,48.081402,11.2831,EDMO
Bodensee Airport Friedrichshafen,47.671299,9.51149,EDNY
Bamberg-Breitenau Airfield,49.920403,10.914233,EDQA
Bayreuth Airport,49.985001,11.64,EDQD
Hof-Plauen Airport,50.288544,11.852876,EDQM
Karlsruhe Baden-Baden Airport,48.7794,8.0805,EDSB
Donaueschingen-Villingen Airfield,47.973331,8.522222,
Lahr Airport,48.369301,7.82772,EDTL
Mengen-Hohentengen Airfield,48.05389,9.372778,
Adolf Würth Airport,49.118332,9.783889,
Zerbst Airfield,52.000832,12.148611,EDUZ
Braunschweig-Wolfsburg Airport,52.319199,10.5561,EDVE
Kassel Airport,51.418395,9.391638,EDVK
Westerland Sylt Airport,54.9132,8.34047,EDXW
Ämari Air Base,59.259599,24.204799,EEEI
Kärdla Airport,58.99079895,22.83069992,EEKA
Kuressaare Airport,58.22990036,22.5095005,EEKE
Pärnu Airport,58.41899872,24.4727993,EEPU
Berenice International Airport / Banas Cape Air Base,23.980437,35.460277,HEBR
Lennart Meri Tallinn Airport,59.413246,24.83264,EETN
Tartu Airport,58.307438,26.686473,EETU
Enontekio Airport,68.36260223,23.42429924,EFET
Halli Airport,61.856039,24.786686,EFHA
Helsinki Vantaa Airport,60.318363,24.963341,EFHK
Kitee Airport,62.1661,30.073601,EFIT
Ivalo Airport,68.6073,27.4053,EFIV
Joensuu Airport,62.658815,29.619398,EFJO
Jyväskylä Airport,62.399502,25.678301,EFJY
Kauhava Airfield,63.127102,23.051399,EFKA
Kemi-Tornio Airport,65.77870178,24.58209991,EFKE
Kajaani Airport,64.2855,27.6924,EFKI
Kauhajoki Airfield,62.463212,22.390817,EFKJ
Kokkola-Pietarsaari Airport,63.721199,23.143101,EFKK
Kuusamo Airport,65.987602,29.239401,EFKS
Kittilä International Airport,67.700996,24.8468,EFKT
Kuopio Airport,63.007099,27.7978,EFKU
Lappeenranta Airport,61.044601,28.144743,EFLP
Mariehamn Airport,60.1222,19.898199,EFMA
Mikkeli Airport,61.6866,27.201799,EFMI
Oulu Airport,64.930099,25.354601,EFOU
Pori Airport,61.4617,21.799999,EFPO
Helsinki East-Redstone Aerodrome,60.479167,26.593889,
Rovaniemi Airport,66.563327,25.829751,EFRO
Savonlinna Airport,61.9431,28.945101,EFSA
Seinäjoki Airport,62.692101,22.8323,EFSI
Sodankyla Airport,67.39499664,26.61910057,EFSO
Tampere-Pirkkala Airport,61.414101,23.604401,EFTP
Turku Airport,60.514099,22.2628,EFTU
Utti Air Base,60.8964,26.9384,EFUT
Vaasa Airport,63.05023,21.762543,EFVA
Varkaus Airport,62.171101,27.868601,EFVR
Ylivieska Airfield,64.054722,24.725278,EFYL
Bilbeis 2 Airfield,30.42060089,31.67889977,
Belfast International Airport,54.65750122,-6.215829849,EGAA
Enniskillen/St Angelo Airport,54.398274,-7.651179,EGAB
George Best Belfast City Airport,54.618099,-5.8725,EGAC
City of Derry Airport,55.042801,-7.16111,EGAE
Birmingham Airport,52.453899,-1.74803,EGBB
Coventry Airport,52.369701,-1.47972,EGBE
Gloucestershire Airport,51.894199,-2.16722,EGBJ
Nottingham City Airport,52.919998,-1.07917,EGBN
Manchester Airport,53.349375,-2.279521,EGCC
Royal Marines Base Chivenor,51.0872,-4.15034,
MoD Boscombe Down,51.152199,-1.74741,
RNAS Culdrose,50.08610153,-5.255710125,
MOD St Athan,51.405229,-3.433254,
RNAS Yeovilton,51.009399,-2.63882,EGDY
Campbeltown Airport,55.437199,-5.68639,EGEC
Eday Airport,59.19060135,-2.772219896,EGED
Haverfordwest Airport,51.83309937,-4.961110115,EGFE
Cardiff International Airport,51.396702,-3.34333,EGFF
Swansea Airport,51.601366,-4.071006,EGFH
Bristol Airport,51.382326,-2.716453,EGGD
Liverpool John Lennon Airport,53.334863,-2.849637,EGGP
London Luton Airport,51.874699,-0.368333,EGGW
Bournemouth Airport,50.780483,-1.839576,EGHH
Southampton Airport,50.950298,-1.3568,EGHI
Lasham Airfield,51.18744,-1.031663,EGHL
Cornwall Airport Newquay,50.440601,-4.99541,EGHQ
Alderney Airport,49.706104,-2.21472,EGJA
Guernsey Airport,49.435001,-2.60197,EGJB
Jersey Airport,49.207901,-2.19551,EGJJ
Brighton City Airport,50.835602,-0.297222,EGKA
London Biggin Hill Airport,51.3307991,0.032499999,EGKB
London Gatwick Airport,51.148744,-0.185739,EGKK
London City Airport,51.505299,0.055278,EGLC
Farnborough Airport,51.275799,-0.776333,EGLF
Blackbushe Airport,51.323898,-0.8475,EGLK
London Heathrow Airport,51.470748,-0.459909,EGLL
London Southend Airport,51.570562,0.693627,EGMC
Lydd London Ashford Airport,50.956246,0.939074,EGMD
Carlisle Lake District Airport,54.9375,-2.80917,EGNC
Blackpool Airport,53.771702,-3.02861,EGNH
Humberside Airport,53.576152,-0.34954,EGNJ
Barrow Walney Island Airport,54.1286111,-3.2675,EGNL
Leeds Bradford Airport,53.865898,-1.66057,EGNM
Warton Aerodrome,53.745098,-2.88306,EGNO
Hawarden Airport,53.178101,-2.97778,EGNR
Isle of Man Airport,54.083081,-4.623871,EGNS
Newcastle International Airport,55.037958,-1.689577,EGNT
Teesside International Airport,54.509201,-1.42941,EGNV
East Midlands Airport,52.8311,-1.32806,EGNX
RAF Spadeadam,55.04999924,-2.549999952,
RAF Shawbury,52.798199,-2.66804,EGOS
Anglesey Airport,53.2481,-4.53534,EGOV
Kirkwall Airport,58.957903,-2.905077,EGPA
Sumburgh Airport,59.878899,-1.29556,EGPB
Wick John O'Groats Airport,58.4589,-3.09306,EGPC
Aberdeen International Airport,57.2019,-2.19778,EGPD
Inverness Airport,57.5425,-4.0475,EGPE
Glasgow Airport,55.871899,-4.43306,EGPF
Edinburgh Airport,55.950145,-3.372288,EGPH
Islay Airport,55.682708,-6.257525,EGPI
Glasgow Prestwick Airport,55.501499,-4.577182,EGPK
Benbecula Airport,57.481098,-7.36278,EGPL
Dundee Airport,56.452499,-3.02583,EGPN
Stornoway Airport,58.215599,-6.33111,EGPO
Barra Airport,57.0228,-7.44306,EGPR
Tiree Airport,56.499199,-6.86917,EGPU
Leuchars Station Airfield,56.37398,-2.868862,EGQL
RAF Lossiemouth,57.7052,-3.33917,EGQS
Cambridge City Airport,52.205002,0.175,EGSC
Norwich Airport,52.6758,1.28278,EGSH
London Stansted Airport,51.884998,0.235,EGSS
Cranfield Airport,52.072201,-0.616667,EGTC
Exeter International Airport,50.734261,-3.413984,EGTE
London Oxford Airport,51.836899,-1.32,EGTK
RAF Benson,51.614366,-1.095991,EGUB
RAF Lakenheath,52.40954,0.561161,EGUL
Cambridge City Airport,52.3619,0.486406,EGUN
Wattisham Airfield,52.127451,0.956189,
RAF Fairford,51.683568,-1.789172,EGVA
RAF Brize Norton,51.75,-1.58362,EGVN
RAF Odiham,51.2341,-0.942825,EGVO
RAF Cosford,52.640524,-2.305326,
RAF Northolt,51.553001,-0.418167,EGWU
RAF Coningsby,53.092999,-0.166014,EGXC
RAF Leeming,54.297191,-1.538944,
Leeds East Airport,53.834747,-1.194678,EGCM
RAF Honington,52.342602,0.772939,EGXH
RAF Wittering,52.612598,-0.476453,EGXT
RAF Waddington,53.166199,-0.523811,EGXW
RAF Topcliffe,54.204116,-1.380265,
RAF Cranwell,53.027308,-0.493104,EGYD
RAF Barkston Heath,52.960616,-0.559428,EGYE
RAF Marham,52.648395,0.550692,EGYM
Mount Pleasant Airport / RAF Mount Pleasant,-51.822642,-58.445777,EGYP
Amsterdam Airport Schiphol,52.308601,4.76389,EHAM
Kempen Airport Budel,51.255299,5.60139,EHBD
Maastricht Aachen Airport,50.911087,5.769401,EHBK
Deelen Air Base,52.0606,5.87306,EHDL
Eindhoven Airport,51.45009995,5.374529839,EHEH
Groningen Airport Eelde,53.119107,6.577652,EHGG
Gilze Rijen Air Base,51.567402,4.93183,EHGR
De Kooy Airfield / Den Helder Naval Air Station,52.923401,4.78062,EHKD
Lelystad Airport,52.453188,5.514622,EHLE
Leeuwarden Air Base,53.22859955,5.760560036,EHLW
Rotterdam The Hague Airport,51.956902,4.43722,EHRD
Twente Airport,52.275833,6.889167,EHTW
Volkel Air Base,51.657222,5.707778,EHVK
Woensdrecht Air Base,51.4491,4.34203,EHWO
Cork International Airport,51.841301,-8.49111,EICK
Donegal Airport,55.0442009,-8.340999603,EIDL
Dublin Airport,53.428713,-6.262121,EIDW
Ireland West Airport Knock,53.910439,-8.817002,EIKN
Kerry Airport,52.180901,-9.52378,EIKY
Casement Air Base,53.30170059,-6.451330185,
Shannon Airport,52.702,-8.92482,EINN
Sligo Airport,54.28020096,-8.599209785,EISG
Waterford Airport,52.187199,-7.08696,EIWF
Weston Airport,53.351622,-6.490357,EIWT
Aarhus Airport,56.303331,10.618286,EKAH
Billund Airport,55.740335,9.157019,EKBI
Copenhagen Kastrup Airport,55.61790085,12.65600014,EKCH
Esbjerg Airport,55.525902,8.5534,EKEB
Midtjyllands Airport / Air Base Karup,56.297139,9.104311,EKKA
Lolland Falster Maribo Airport,54.699447,11.438163,EKMB
Odense Hans Christian Andersen Airport,55.475307,10.327206,EKOD
Copenhagen Roskilde Airport,55.585602,12.1314,EKRK
Bornholm Airport,55.063301,14.7596,EKRN
Sønderborg Airport,54.96440125,9.791729927,EKSB
Sindal Airport,57.503502,10.2294,EKSN
Skrydstrup Air Base,55.221048,9.26702,EKSP
Skive Airport,56.550201,9.17298,EKSV
Thisted Airport,57.068802,8.70522,EKTS
Kolding Vamdrup Airfield,55.436298,9.33092,
Vágar Airport,62.063256,-7.275782,EKVG
Stauning Vestjylland  Airport,55.990101,8.35391,EKVJ
Aalborg Airport,57.094763,9.84993,EKYT
Luxembourg-Findel International Airport,49.626845,6.212134,ELLX
Ålesund Airport,62.560443,6.110845,ENAL
"Andøya Airport, Andenes",69.295193,16.139379,ENAN
Alta Airport,69.976097,23.3717,ENAT
"Brønnøysund Airport, Brønnøy",65.461098,12.2175,ENBN
Bodø Airport,67.269203,14.3653,ENBO
"Bergen Airport, Flesland",60.2934,5.21814,ENBR
Båtsfjord Airport,70.60025,29.692612,ENBS
Berlevåg Airport,70.871517,29.034097,ENBV
Kristiansand Airport,58.204201,8.08537,ENCN
Bardufoss Airport,69.055801,18.5404,ENDU
Harstad/Narvik Airport,68.491302,16.678101,ENEV
Florø Airport,61.58359909,5.024720192,ENFL
Oslo-Gardermoen International Airport,60.193901,11.1004,ENGM
"Haugesund Airport, Karmøy",59.345299,5.20836,ENHD
Hammerfest Airport,70.679703,23.6686,ENHF
"Honningsvåg Airport, Valan",71.009697,25.983601,ENHV
"Kristiansund Airport, Kvernberget",63.111801,7.82452,ENKB
"Kirkenes Airport, Høybuktmoen",69.7258,29.8913,ENKR
Leknes Airport,68.15249634,13.6093998,ENLK
Mehamn Airport,71.029701,27.8267,ENMH
"Molde Airport, Årø",62.744701,7.2625,ENML
"Mosjøen Airport, Kjærstad",65.783997,13.2149,ENMS
"Lakselv Airport, Banak",70.068802,24.973499,ENNA
Notodden Airport,59.565071,9.213152,ENNO
Ørland Airport,63.69889832,9.604000092,ENOL
"Ørsta-Volda Airport, Hovden",62.18000031,6.074100018,ENOV
"Mo i Rana Airport, Røssvoll",66.36389923,14.30140018,ENRA
"Rørvik Airport, Ryum",64.83830261,11.14610004,ENRM
Røros Airport,62.57839966,11.34230042,ENRO
"Moss Airport, Rygge",59.378817,10.785439,ENRY
"Svalbard Airport, Longyear",78.246101,15.4656,ENSB
"Svolvær Airport, Helle",68.243301,14.6692,ENSH
"Stokmarknes Airport, Skagen",68.578827,15.033417,ENSK
Skien Airport,59.185001,9.56694,ENSN
"Stord Airport, Sørstokken",59.791901,5.34085,ENSO
Sørkjosen Airport,69.786797,20.9594,ENSR
"Vardø Airport, Svartnes",70.3554,31.044901,ENSS
"Sandnessjøen Airport, Stokka",65.956802,12.4689,ENST
Tromsø Airport,69.683296,18.9189,ENTC
"Sandefjord Airport, Torp",59.186699,10.2586,ENTO
"Trondheim Airport, Værnes",63.457802,10.924,ENVA
Vadsø Airport,70.0653,29.8447,ENVD
"Stavanger Airport, Sola",58.876701,5.63778,ENZV
Ignacy Jan Paderewski Bydgoszcz Airport,53.096802,17.977699,EPBY
Cewice Naval Air Base,54.416525,17.765734,EPCE
Deblin Military Air Base,51.551021,21.892322,EPDE
Gdańsk Lech Wałęsa Airport,54.377602,18.4662,EPGD
Inowroclaw Military Air Base,52.829399,18.330601,EPIR
Kraków John Paul II International Airport,50.077702,19.7848,EPKK
Krzesiny Military Air Base,52.331699,16.9664,
Katowice Wojciech Korfanty International Airport,50.476015,19.080705,EPKT
Lublin Airport,51.240157,22.713461,EPLB
Łask Air Base,51.551701,19.1791,
Łódź Władysław Reymont Airport,51.721901,19.3981,EPLL
Leźnica Wielka Air Base,52.004945,19.143792,EPLY
Malbork Królewo Air Base,54.026598,19.135718,
Miroslawiec Military Air Base,53.3951,16.0828,
Minsk Mazowiecki Military Air Base,52.19549942,21.65589905,
Warsaw Modlin Airport,52.451099,20.6518,EPMO
Poznań-Ławica Airport,52.421598,16.823359,EPPO
Powidz Military Air Base,52.380087,17.853155,
Warsaw Radom Airport,51.38937,21.214742,EPRA
Rzeszów-Jasionka Airport,50.109791,22.024155,EPRZ
Solidarity Szczecin–Goleniów Airport,53.584702,14.9022,EPSC
Swidwin Military Air Base,53.7906,15.8263,EPSN
Olsztyn-Mazury Airport,53.481899,20.9377,EPSY
Tomaszów Mazowiecki Military Air Base,51.5844,20.097799,EPTM
Warsaw Chopin Airport,52.165699,20.9671,EPWA
Copernicus Wrocław Airport,51.103719,16.882096,EPWR
Zielona Góra-Babimost Airport,52.1385,15.7986,EPZG
Folgueroles Airfield,41.9527,2.3072,
Malmen Air Base,58.397666,15.522422,ESCF
Ronneby Airport,56.266701,15.265,ESDF
Råda Air Base,58.4981,13.0532,ESFR
Göteborg Landvetter Airport,57.6628,12.2798,ESGG
Jönköping Airport,57.75759888,14.06869984,ESGJ
Säve Airport,57.7747,11.8704,ESGP
Skövde Airport,58.456402,13.9727,ESGR
Trollhättan-Vänersborg Airport,58.31809998,12.34500027,ESGT
Såtenäs Air Base,58.426399,12.7144,
Karlskoga Airport,59.345901,14.4959,ESKK
Mora Airport,60.957901,14.5114,ESKM
Stockholm Skavsta Airport,58.789656,16.911479,ESKN
Scandinavian Mountains Airport,61.16508,12.83352,
Kristianstad Airport,55.9217,14.0855,ESMK
Kalmar Airport,56.685501,16.2876,ESMQ
Malmö Sturup Airport,55.535564,13.376327,ESMS
Halmstad Airport,56.69110107,12.82019997,ESMT
Växjö Kronoberg Airport,56.92910004,14.72799969,ESMX
Gällivare Airport,67.13240051,20.81459999,ESNG
Kramfors-Sollefteå Höga Kusten Airport,63.048599,17.7689,ESNK
Lycksele Airport,64.548302,18.7162,ESNL
Sundsvall-Härnösand Airport,62.52809906,17.44389915,ESNN
Örnsköldsvik Airport,63.40829849,18.98999977,ESNO
Kiruna Airport,67.821999,20.3368,ESNQ
Skellefteå Airport,64.62480164,21.07690048,ESNS
Umeå Airport,63.791801,20.282801,ESNU
Vilhelmina South Lapland Airport,64.579102,16.833599,ESNV
Arvidsjaur Airport,65.59030151,19.28190041,ESNX
Söderhamn Airport,61.261501,17.0991,ESNY
Åre Östersund Airport,63.193546,14.504168,ESNZ
Örebro Airport,59.22370148,15.03800011,ESOE
Karlstad Airport,59.444698,13.3374,ESOK
Stockholm Västerås Airport,59.589401,16.6336,ESOW
Luleå Airport,65.5438,22.122,ESPA
Stockholm-Arlanda Airport,59.64849,17.928829,ESSA
Stockholm-Bromma Airport,59.354401,17.9417,ESSB
Dala Airport,60.422001,15.5152,ESSD
Gävle Sandviken Airport,60.5933,16.951401,ESSK
Linköping City Airport,58.404909,15.684499,ESSL
Norrköping Airport,58.5862999,16.25060081,ESSP
Torsby Airport,60.1576,12.9913,ESST
Eskilstuna Airport,59.351101,16.708401,ESSU
Visby Airport,57.6628,18.346201,ESSV
Ängelholm-Helsingborg Airport,56.29610062,12.84710026,ESTA
Ljungbyhed Airfield,56.082802,13.2125,
Storuman Airport,64.960899,17.6966,ESUD
Spangdahlem Air Base,49.976507,6.698413,ETAD
Ramstein Air Base,49.436901,7.60028,ETAR
Bückeburg Air Base,52.2785,9.08217,ETHB
Celle Army Airfield,52.591202,10.0221,ETHC
Fritzlar Army Airfield,51.1146,9.286,ETHF
Laupheim Air Base,48.220299,9.91002,ETHL
Niederstetten Army Air Base,49.39162,9.956747,ETHN
Faßberg Air Base,52.919399,10.185827,ETHS
Grafenwöhr Army Air Field,49.6987,11.9402,ETIC
Hohenfels Army Airfield,49.216541,11.836064,ETIH
Sea-Airport Cuxhaven/Nordholz / Nordholz Naval Airbase,53.767689,8.659201,ETMN
Diepholz Air Base,52.585556,8.342222,ETND
Geilenkirchen Air Base,50.9608,6.04242,ETNG
Hohn Air Base,54.312199,9.53817,ETNH
Rostock-Laage Airport,53.918201,12.2783,ETNL
Nörvenich Air Base,50.8312,6.65817,ETNN
Schleswig Air Base,54.459301,9.51633,ETNS
Wittmundhafen Air Base,53.547798,7.66733,ETNT
Wunstorf Air Base,52.457298,9.42717,ETNW
Wiesbaden Army Airfield,50.04980087,8.325400352,ETOU
Büchel Air Base,50.173801,7.06333,ETSB
Holzdorf Air Base,51.767799,13.1677,ETSH
Ingolstadt Manching Airport,48.71569824,11.5340004,ETSI
Lechfeld Air Base,48.185504,10.8612,ETSL
Neuburg Air Base,48.710999,11.2115,ETSN
Jēkabpils Air Base,56.534698,25.8925,
Liepāja International Airport,56.517502,21.096901,EVLA
Riga International Airport,56.920752,23.970711,EVRA
Jūrmala Airport,56.9422,23.2239,
Kaunas International Airport,54.963965,24.08582,EYKA
Kėdainiai Air Base,55.31169891,23.95639992,
Palanga International Airport,55.973202,21.093901,EYPA
Panevėžys Air Base,55.72940063,24.46080017,EYPP
Šiauliai International Airport,55.89390182,23.39500046,EYSA
Barysiai Airfield,56.070599,23.5581,EYSB
Vilnius International Airport,54.634102,25.285801,EYVI
Alexander Bay Airport,-28.575001,16.5333,FAAB
Aggeneys Airport,-29.281799,18.8139,FAAG
Bisho Airport,-32.897099,27.2791,FABE
Bram Fischer International Airport,-29.092699,26.302401,FABL
Barberton Airport,-25.717147,30.974974,
Cape Town International Airport,-33.97403,18.604333,FACT
King Phalo Airport,-33.035599,27.825899,FAEL
Ermelo Airport,-26.4956,29.979799,FAEO
Ficksburg Sentraoes Airport,-28.82309914,27.90889931,FAFB
Grand Central Airport,-25.98629951,28.14010048,FAGC
George Airport,-34.0056,22.378902,FAGG
Rand Airport,-26.2425,28.151199,FAGM
Harrismith Airport,-28.2351,29.106199,FAHR
Eastgate Airport / Air Force Base Hoedspruit,-24.361864,31.052921,FAHS
P C Pelser Airport,-26.871099,26.718,FAKD
Kimberley Airport,-28.805401,24.764872,FAKM
Kruger Mpumalanga International Airport,-25.383327,31.105325,FAKN
Johan Pienaar Airport,-27.456596,23.411946,FAKU
Kleinsee Airport,-29.68840027,17.09399986,FAKZ
Lanseria International Airport,-25.938964,27.926642,FALA
Lime Acres Finsch Mine Airport,-28.36009979,23.43910027,FALC
King Shaka International Airport,-29.61444444,31.11972222,FALE
Langebaanweg Airport,-32.96889877,18.1602993,FALW
Ladysmith Airport,-28.58169937,29.74970055,FALY
Malamala Airport,-24.816866,31.544085,FAMD
Margate Airport,-30.85740089,30.34300041,FAMG
Mmabatho International Airport,-25.79840088,25.54800034,FAMM
Morningside Farm Airport,-25.7045002,26.9090004,FAMS
Mkuze Airport,-27.626101,32.0443,FAMU
Newcastle Airport,-27.77059937,29.9769001,FANC
Oudtshoorn Airport,-33.60699844,22.18899918,FAOH
O.R. Tambo International Airport,-26.140081,28.246801,FAOR
Chief Dawid Stuurman International Airport,-33.989715,25.617353,FAPE
Plettenberg Bay Airport,-34.08816,23.328723,FAPG
Hendrik Van Eck Airport,-23.93720055,31.15539932,FAPH
Pietersburg Municipal Airport,-23.9261,29.4844,FAPI
Port St Johns Airport,-31.60612,29.52175,FAPJ
Pietermaritzburg Airport,-29.64900017,30.39870071,FAPM
Pilanesberg International Airport,-25.333799,27.173401,FAPN
Polokwane International Airport,-23.845269,29.458615,FAPP
Potchefstroom Airport,-26.67099953,27.08189964,FAPS
Queenstown Airport,-31.92020035,26.88220024,FAQT
Richards Bay Airport,-28.74099922,32.09209824,FARB
Rustenburg Airport,-25.6443,27.271099,FARG
Robertson Airport,-33.812199,19.9028,FARS
Springbok Airport,-29.68930054,17.93959999,FASB
Secunda Airport,-26.52409935,29.17009926,FASC
Saldanha/Vredenburg Airport,-32.9641,17.969299,FASD
Swartkop Air Force Base,-25.8097,28.1646,FASK
Sishen Airport,-27.6486,22.9993,FASS
Skukuza Airport,-24.96085,31.588587,FASZ
Tzaneen Airport,-23.8244,30.3293,FATZ
Prince Mangosuthu Buthelezi Airport,-28.32060051,31.41650009,FAUL
Upington Airport,-28.400246,21.263592,FAUP
K. D. Matanzima Airport,-31.54636318,28.6733551,FAUT
Vryburg Airport,-26.98240089,24.72879982,FAVB
Virginia Airport,-29.770599,31.058399,FAVG
Vredendal Airport,-31.64100075,18.5447998,FAVR
Vereeniging Airport,-26.566401,27.9608,FAVV
Wonderboom Airport,-25.6539,28.224199,FAWB
Waterkloof Air Force Base,-25.82999992,28.22249985,FAWK
Ysterplaat Air Force Base,-33.9002,18.498301,FAYP
Phillip Gaonwe Matante International Airport,-21.159183,27.468826,FBPM
Jwaneng Airport,-24.602301,24.691,FBJW
Kasane International Airport,-17.831653,25.166195,FBKE
Maun International Airport,-19.970491,23.431409,FBMN
Sir Seretse Khama International Airport,-24.555201,25.9182,FBSK
Sua Pan Airport,-20.5534,26.115801,FBSN
Selebi Phikwe Airport,-22.0583,27.8288,FBSP
Maya-Maya International Airport,-4.2517,15.253,FCBB
Oyo Ollombo Airport,-1.226666,15.91,FCOD
Owando Airport,-0.524566,15.93782,FCOO
Ouesso Airport,1.61599,16.037901,FCOU
Ngot Nzoungou Airport,-4.20635,12.6599,FCPD
Antonio Agostinho-Neto International Airport,-4.81603,11.8866,FCPP
Matsapha International Airport,-26.528919,31.307577,FDMS
King Mswati III International Airport,-26.358611,31.716944,FDSK
Bangui M'Poko International Airport,4.39848,18.518801,FEFF
Berbérati Airport,4.221580029,15.78639984,FEFT
Bata International Airport,1.90547,9.80568,FGBT
President Obiang Nguema International Airport,1.676437,11.024904,FGMY
Malabo International Airport,3.75527,8.70872,FGSL
RAF Ascension Island,-7.970179,-14.392744,FHAW
Saint Helena International Airport,-15.958898,-5.646066,FHSH
Sir Seewoosagur Ramgoolam International Airport,-20.430201,57.683601,FIMP
Sir Charles Gaetan Duval Airport,-19.756696,63.359326,FIMR
Naval Support Facility Diego Garcia,-7.31327,72.411102,
Tiko Airport,4.089190006,9.3605299,FKKC
Douala International Airport,4.00608,9.71948,FKKD
Salak Airport,10.4513998,14.25739956,FKKL
Foumban Nkounja Airport,5.63692,10.7508,FKKM
N'Gaoundéré Airport,7.357009888,13.55920029,FKKN
Garoua International Airport,9.334785,13.372129,FKKR
Bafoussam Airport,5.536920071,10.35459995,FKKU
Bamenda Airport,6.03924,10.1226,FKKV
Yaoundé Ville Airport,3.83604,11.5235,FKKY
Yaoundé Nsimalen International Airport,3.72256,11.5533,FKYS
Kasompe Airport,-12.5728,27.8939,FLKE
Lusaka City Airport,-15.4138,28.3307,FLLC
Harry Mwanga Nkumbula International Airport,-17.821524,25.819642,FLHN
Kenneth Kaunda International Airport,-15.330833,28.452722,FLKK
Mfuwe International Airport,-13.2589,31.9366,FLMF
Mongu Airport,-15.2545,23.1623,FLMG
Peter Zuze Air Force Base,-12.997222,28.663889,FLND
Simon Mwansa Kapwepwe International Airport,-12.96513,28.515624,FLSK
Southdowns Airport,-12.9005,28.1499,FLSO
Prince Said Ibrahim International Airport,-11.5337,43.2719,FMCH
Mohéli Bandar Es Eslam Airport,-12.298096,43.766496,FMCI
Ouani Airport,-12.131047,44.430044,FMCV
Dzaoudzi Pamandzi International Airport,-12.809319,45.281815,FMCZ
Roland Garros Airport,-20.890087,55.518894,FMEE
Saint-Pierre Pierrefonds Airport,-21.319362,55.422506,FMEP
Ivato International Airport,-18.7969,47.478802,FMMI
Miandrivazo Airport,-19.562799,45.450802,FMMN
Sainte Marie Airport,-17.093901,49.8158,FMMS
Toamasina Ambalamanasy Airport,-18.113537,49.392262,FMMT
Morondava Airport,-20.2847,44.3176,FMMV
Arrachart Airport,-12.3494,49.291698,FMNA
Mananara Nord Airport,-16.1639,49.7738,FMNC
Andapa Airport,-14.65170002,49.62060165,FMND
Antsirabe Airport,-14.9994,50.320202,FMNH
Analalava Airport,-14.629514,47.763555,FMNL
Amborovy Airport,-15.666842,46.351233,FMNM
Nosy Be International Airport,-13.3121,48.3148,FMNN
Besalampy Airport,-16.74453,44.482484,FMNQ
Maroantsetra Airport,-15.437742,49.689081,FMNR
Sambava Airport,-14.2786,50.174702,FMNS
Vohemar Airport,-13.3758,50.0028,FMNV
Ambalabe Airport,-14.8988,47.9939,FMNW
Tôlanaro Airport,-25.038099,46.9561,FMSD
Fianarantsoa Airport,-21.441601,47.111698,FMSF
Manakara Airport,-22.119699,48.021702,FMSK
Mananjary Airport,-21.201799,48.358299,FMSM
Morombe Airport,-21.753837,43.374753,FMSR
Toliara Airport,-23.3834,43.7285,FMST
Mbanza Congo Airport,-6.269899845,14.24699974,FNBC
Benguela Airport,-12.609,13.4037,FNBG
Dr. Antonio Agostinho Neto International Airport,-9.050734,13.499078,FNBJ
Cabinda Airport,-5.59839,12.188145,FNCA
Catumbela Airport,-12.4792,13.4869,FNCT
Dundo Airport,-7.400889874,20.81850052,FNDU
Ngjiva Pereira Airport,-17.0435009,15.68379974,FNGI
Albano Machado Airport,-12.8089,15.7605,FNHU
Kuito Airport,-12.40460014,16.94739914,FNKU
Quatro de Fevereiro International Airport,-8.85837,13.2312,FNLU
Malanje Airport,-9.525090218,16.31240082,FNMA
Menongue Airport,-14.6576004,17.71980095,FNME
Welwitschia Mirabilis International Airport,-15.2612,12.1468,FNMO
Negage Airport,-7.754509926,15.2876997,FNNG
Porto Amboim Airport,-10.722,13.7655,FNPA
Saurimo Airport,-9.68907,20.4319,FNSA
Soyo Airport,-6.141089916,12.37180042,FNSO
Sumbe Airport,-11.1679,13.8475,FNSU
Lubango Mukanka International Airport,-14.924839,13.576653,FNUB
Luena Airport,-11.7681,19.897699,FNUE
Uige Airport,-7.60307,15.0278,FNUG
Xangongo Airport,-16.7553997,14.96529961,FNXA
Koulamoutou Mabimbi Airport,-1.18461,12.4413,FOGK
Mouilla Ville Airport,-1.84514,11.0567,FOGM
Oyem Airport,1.543110013,11.58139992,FOGO
Okondja Airport,-0.665214,13.6731,FOGQ
Lambarene Airport,-0.704389,10.2457,FOGR
Bitam Airport,2.07564,11.4932,FOOB
Port Gentil International Airport,-0.711739,8.75438,FOOG
Omboue Hospital Airport,-1.57473,9.26269,FOOH
Makokou Airport,0.579210997,12.89089966,FOOK
Libreville Leon M'ba International Airport,0.458951,9.41214,FOOL
M'Vengue El Hadj Omar Bongo Ondimba International Airport,-1.65616,13.438,FOON
Principe Airport,1.661155,7.411081,FPPR
São Tomé International Airport,0.378175,6.71215,FPST
Beira International Airport,-19.7964,34.9076,FQBR
Chimoio Airport,-19.15130043,33.42900085,FQCH
Inhambane Airport,-23.8764,35.408501,FQIN
Lichinga Airport,-13.274,35.2663,FQLC
Maputo Airport,-25.920799,32.572601,FQMA
Mueda Airport,-11.6729,39.563099,FQMD
Mocímboa da Praia Airport,-11.3618,40.3549,FQMP
Nacala International Airport,-14.4882,40.7122,FQNC
Nampula Airport,-15.1056,39.281799,FQNP
Pemba Airport,-12.993302,40.524867,FQPB
Quelimane Airport,-17.85549927,36.86909866,FQQL
Tete Airport,-16.104799,33.640202,FQTT
Vilankulo Airport,-22.01840019,35.31330109,FQVL
Seychelles International Airport,-4.67434,55.521801,FSIA
Praslin Island Airport,-4.319256,55.691561,FSPP
Ouadi Doum Air Base,18.52793,20.188644,
Abeche Airport,13.847,20.844299,FTTC
Moundou Airport,8.628503,16.074241,FTTD
N'Djamena International Airport,12.1337,15.034,FTTJ
Faya-Largeau Airport,17.917101,19.111099,FTTY
Joshua Mqabuko Nkomo International Airport,-20.016284,28.622897,FVJN
Buffalo Range Airport,-21.008101,31.5786,FVCZ
Victoria Falls International Airport,-18.097437,25.836867,FVFA
Robert Gabriel Mugabe International Airport,-17.931801,31.0928,
Kariba Airport,-16.5198,28.885,FVKB
Mutoko Airport,-17.4319,32.184502,FVMT
Masvingo International Airport,-20.0553,30.8591,FVMV
Josiah Tungamirai Air Force Base,-19.436718,29.861945,FVTL
Hwange National Park Airport,-18.6299,27.021,FVWN
Chileka International Airport,-15.677189,34.972319,FWCL
Dwangwa Airport,-12.517527,34.131877,FWDW
Karonga Airport,-9.953571,33.893264,FWKA
Kamuzu International Airport,-13.7894,33.780998,FWKI
Mzuzu Airport,-11.4447,34.011799,FWUU
Moshoeshoe I International Airport,-29.456277,27.554456,FXMM
Arandis Airport,-22.461875,14.979322,FYAR
Grootfontein Airport,-19.6022,18.1227,FYGF
Katima Mulilo Airport,-17.634258,24.176688,FYKM
Keetmanshoop Airport,-26.539801,18.111401,FYKT
Luderitz Airport,-26.68740082,15.24289989,FYLZ
Mariental Airport,-24.6054,17.9254,FYML
Ondangwa Airport,-17.878201,15.9526,FYOA
Oranjemund Airport,-28.585318,16.44638,FYOG
Rundu Airport,-17.956499,19.7194,FYRU
Twyfelfontein Airport,-20.54424,14.35879,FYTF
Tsumeb Airport,-19.262079,17.732509,FYTM
Walvis Bay International Airport,-22.979332,14.647102,FYWB
Eros Airport,-22.60492,17.079002,FYWE
Hosea Kutako International Airport,-22.4799,17.4709,FYWH
Ndjili International Airport,-4.38575,15.4446,FZAA
Ndolo Airport,-4.326660156,15.32750034,FZAB
Bandundu Airport,-3.31132,17.381701,FZBO
Kikwit Airport,-5.03577,18.785601,FZCA
Mbandaka Airport,0.022600001,18.2887001,FZEA
Gbadolite Airport,4.252745,20.975271,FZFD
Gemena Airport,3.23537,19.771299,FZFK
Lisala Airport,2.17066,21.496901,FZGA
Bangoka International Airport,0.481639,25.337999,FZIC
Matari Airport,2.82761,27.588301,FZJH
Bunia Airport,1.565743,30.220685,FZKA
Buta Zega Airport,2.818058,24.793997,FZKJ
Bukavu Kavumu Airport,-2.30898,28.8088,FZMA
Goma International Airport,-1.666758,29.238037,FZNA
Kindu Airport,-2.919179916,25.91539955,FZOA
Lubumbashi International Airport,-11.591494,27.530753,FZQA
Kolwezi Airport,-10.7659,25.505699,FZQM
Kalemie Airport,-5.87556,29.25,FZRF
Kamina Air Base,-8.64202,25.252899,FZSA
Kananga Airport,-5.90005,22.4692,FZUA
Mbuji Mayi Airport,-6.121240139,23.56900024,FZWA
Modibo Keita International Airport,12.5335,-7.94994,GABS
Gao International Airport,16.248466,-0.005389,GAGO
Kayes Dag Dag Airport,14.482521,-11.399335,GAKD
Mopti Airport,14.5128,-4.07956,GAMB
Tombouktou Airport,16.730499,-3.00758,GATB
Banjul International Airport,13.338,-16.652201,GBYD
Fuerteventura Airport,28.4527,-13.8638,GCFV
El Hierro Airport,27.8148,-17.8871,GCHI
La Palma Airport,28.626499,-17.7556,GCLA
Gran Canaria Airport,27.9319,-15.3866,GCLP
César Manrique-Lanzarote Airport,28.945499,-13.6052,GCRR
Tenerife Sur Airport,28.0445,-16.5725,GCTS
Tenerife Norte-Ciudad de La Laguna Airport,28.482752,-16.341707,GCXO
Ozurgeti Air Base,41.9291,41.863499,
Senaki Air Base,42.24030572,42.04549313,
Melilla Airport,35.2798,-2.95626,GEML
Bo Airport,7.9444,-11.761,GFBO
Kenema Airport,7.896364,-11.174126,GFKE
Lungi International Airport,8.61644,-13.1955,GFLL
Yengema Airport,8.61047,-11.0454,GFYE
Osvaldo Vieira International Airport,11.894262,-15.653596,GGOV
Qaqortoq Airport,60.76383,-46.065001,BGQO
Greenville/Sinoe Airport,5.032124,-9.064236,GLGE
Spriggs Payne Airport,6.28906,-10.7587,GLMR
Roberts International Airport,6.23379,-10.3623,GLRB
Al Massira Airport,30.322478,-9.412003,GMAD
Tan Tan Airport,28.447563,-11.161749,GMAT
Zagora Airport,30.265788,-5.860808,GMAZ
Bouarfa Airport,32.514306,-1.983056,GMFB
Fes Saïss International Airport,33.927299,-4.97796,GMFF
Moulay Ali Cherif Airport,31.94750023,-4.398330212,GMFK
Bassatine Airport,33.879101,-5.51512,GMFM
Oujda Angads Airport,34.789558,-1.926041,GMFO
Smara Airport,26.731987,-11.683655,GMMA
Beni Mellal Airport,32.401895,-6.315905,GMMD
Rabat-Salé Airport,34.051498,-6.75152,GMME
Dakhla Airport,23.7183,-15.932,GMMH
Essaouira-Mogador Airport,31.397499,-9.68167,GMMI
Laayoune Hassan I International Airport,27.142467,-13.224947,GMML
Mohammed V International Airport,33.3675,-7.58997,GMMN
Nador Al Aaroui International Airport,34.9888,-3.02821,GMMW
Marrakesh Menara Airport,31.604807,-8.035788,GMMX
Kenitra Air Base,34.298901,-6.59588,
Ouarzazate International Airport,30.9391,-6.90943,GMMZ
Cherif Al Idrissi Airport,35.177101,-3.83952,GMTA
Sania Ramel Airport,35.594299,-5.32002,GMTN
Tangier Ibn Battuta Airport,35.731741,-5.921459,GMTT
Blaise Diagne International Airport,14.670878,-17.072829,GOBD
Ziguinchor Airport,12.55559,-16.283298,GOGG
Cap Skirring Airport,12.39533,-16.748,GOGS
Kaolack Airport,14.14690018,-16.05130005,GOOK
Léopold Sédar Senghor International Airport,14.742337,-17.479222,GOOY
Ouro Sogui Airport,15.5936,-13.3228,GOSM
Saint Louis Airport,16.049814,-16.461039,GOSS
Bakel Airport,14.84729958,-12.46829987,GOTB
Kédougou Airport,12.57229996,-12.22029972,GOTK
Tambacounda Airport,13.7368,-13.6531,GOTT
Nouakchott–Oumtounsy International Airport,18.31,-15.969722,GQNO
Atar International Airport,20.505823,-13.043744,GQPA
Nouadhibou International Airport,20.932404,-17.030199,GQPP
Tazadit Airport,22.757345,-12.482228,GQPZ
(*)Kasteli Hellenic Air Force Base,35.191341,25.326588,LGTL
Ahmed Sékou Touré International Airport,9.57689,-13.612,GUCY
Amílcar Cabral International Airport,16.7414,-22.9494,GVAC
Aristides Pereira International Airport,16.136499,-22.888901,GVBA
Maio Airport,15.1559,-23.21369934,GVMA
Nelson Mandela International Airport,14.941126,-23.484728,GVNP
Preguiça Airport,16.588852,-24.284132,GVSN
Cesaria Evora International Airport,16.833363,-25.055308,GVSV
Addis Ababa Bole International Airport,8.97789,38.799301,HAAB
Arba Minch Airport,6.03939,37.5905,HAAM
Axum Airport,14.1468,38.7728,HAAX
Bahir Dar Airport,11.6081,37.321602,HABD
Aba Tenna Dejazmach Yilma International Airport,9.623549,41.855027,HADR
Gambela Airport,8.12876,34.563099,HAGM
Gondar Airport,12.5199,37.433998,HAGN
Gode Airport,5.935130119,43.57860184,HAGO
Harar Meda Airport,8.7163,39.0059,HAHM
Gerad Wilwal International Airport,9.331907,42.911811,HAJJ
Jinka Airport,5.749655,36.560165,HABC
Jimma Airport,7.666090012,36.8166008,HAJM
Kebri Dahar Airport,6.732577,44.241339,HAKD
Hawassa International Airport,7.100611,38.396455,HALA
Mekele Alula Aba Nega Airport,13.4674,39.533501,HAMK
Asosa Airport,10.01850033,34.5862999,HASO
Bujumbura Melchior Ndadaye International Airport,-3.32402,29.318501,HBBA
Gitega Airport,-3.417209,29.911308,HBBE
Bender Qassim International Airport,11.275235,49.139231,HCMF
Egal International Airport,9.514082,44.083469,HCMH
Berbera Airport,10.385035,44.936723,HCMI
Kismayo Airport,-0.377353,42.459202,HCMK
Aden Adde International Airport,2.01444,45.304699,HCMM
Djibouti-Ambouli Airport,11.5473,43.1595,HDAM
Birma Air Base,30.836599,30.936001,
Gebel El Basur Air Base,30.540501,30.5602,
Al Mansurah Airbase,30.9676,31.4342,
Abu Suwayr Air Base,30.5727005,32.09529877,
Bardawil International Airport,30.410714,33.15535,
Bilbeis Air Base,30.394899,31.6014,
Quesna Airport,30.579,31.1292,
El Alamein International Airport,30.924324,28.46161,HEAL
El Arish International Airport,31.055324,33.827964,HEAR
Asyut International Airport,27.045962,31.01276,HEAT
Almaza Air Force Base,30.091702,31.359739,
Alexandria International Airport,30.93249,29.696437,HEAX
Abu Simbel Airport,22.375924,31.611734,HEBL
Bani Sweif Air Base,29.20224,31.013471,
Cairo International Airport,30.111534,31.396694,HECA
Capital International Airport,30.06465,31.839974,HECP
Cairo West Air Base,30.116431,30.915535,HECW
Hurghada International Airport,27.176776,33.796692,HEGN
El Jora Airport,31.078138,34.153131,HEGR
Jiyanklis Air Base,30.819799,30.1912,
Ismailia Air Base,30.597951,32.235689,
Luxor International Airport,25.671018,32.706446,HELX
Marsa Alam International Airport,25.555548,34.59245,HEMA
Mersa Matruh International Airport,31.324313,27.22227,HEMM
Port Said International Airport,31.279285,32.240582,HEPS
Saint Catherine International Airport,28.684292,34.064409,HESC
Sohag International Airport,26.342515,31.743017,HESG
Sharm El Sheikh International Airport,27.977272,34.394717,HESH
Aswan International Airport,23.961075,32.820382,HESN
Sphinx International Airport,30.108179,30.895728,HESX
Taba International Airport,29.594496,34.775752,HETB
Asmara International Airport,15.2919,38.910702,HHAS
Massawa International Airport,15.67,39.370098,HHMS
Assab International Airport,13.0718,42.645,HHSB
Juba International Airport,4.87201,31.601101,HJJJ
Amboseli Airport,-2.644786,37.252922,HKAM
Eldoret International Airport,0.404458,35.238899,HKEL
Jomo Kenyatta International Airport,-1.318886,36.928233,HKJK
Kisumu International Airport,-0.086139,34.728901,HKKI
Kitale Airport,0.971989,34.958599,HKKT
Lokichogio Airport,4.20412,34.348202,HKLK
Lodwar Airport,3.12197,35.6087,HKLO
Manda Airport,-2.252431,40.912892,HKLU
Malindi International Airport,-3.22931,40.1017,HKML
Moi International Airport,-4.03483,39.5942,HKMO
Mara Serena Lodge Airstrip,-1.404588,35.008349,HKMS
Nakuru Lanet Airport,-0.298419,36.159193,HKNK
Nanyuki Civil Airport,-0.062352,37.041296,HKNL
Nairobi Wilson Airport,-1.32172,36.8148,HKNW
Laikipia Air Base,0.029024,37.025196,HKNY
Moi Air Base,-1.27727,36.862301,HKRE
Wajir Airport,1.73324,40.091599,HKWJ
Matan al-Sarra Air Base,21.6877,21.8309,
Bombah Airport,32.4529,23.118601,
Okba Ibn Nafa Air Base,32.47340012,11.89789963,
Sirt International Airport / Ghardabiya Airbase,31.058578,16.597095,HLGD
Ghat Airport,25.14559937,10.14260006,HLGT
Kufra Airport,24.17869949,23.31399918,HLKF
Benina International Airport,32.096802,20.269501,HLLB
Mitiga International Airport,32.89177,13.287878,HLLM
Al Abraq International Airport,32.789036,21.954864,HLLQ
Sabha Airport,26.992452,14.466162,HLLS
Marsa al Brega Airport,30.378099,19.576401,HLMB
Ghadames Airport,30.145484,9.702095,HLTD
Udbina Airfield,44.557598,15.7744,
Gisenyi Airport,-1.6772,29.2589,HRYG
Kigali International Airport,-1.96863,30.1395,HRYR
Kamembe Airport,-2.462239981,28.90789986,HRZA
Dongola Airport,19.153666,30.430069,HSDN
Paloich Airport,10.529167,32.500556,
El Fasher Airport,13.61489964,25.32460022,HSFS
Kassala Airport,15.38749981,36.3288002,HSKA
Merowe Airport,18.443333,31.843333,HSMN
Nyala Airport,12.0535,24.9562,HSNN
El-Obeid Airport,13.1532,30.2327,HSOB
Port Sudan New International Airport,19.434558,37.234125,HSPN
Sabera Geneina Airport,13.4774,22.53722,
Khartoum International Airport,15.5895,32.5532,HSSK
Malakal International Airport,9.558739,31.651937,HSSM
Wau Airport,7.72583,27.975,
Arusha Airport,-3.367789984,36.63330078,HTAR
Julius Nyerere International Airport,-6.873499,39.207288,HTDA
Dodoma Airport,-6.170559,35.756036,HTDO
Songwe Airport,-8.919942,33.273981,HTGW
Iringa Airport,-7.66863,35.752102,HTIR
Kilimanjaro International Airport,-3.427049,37.07353,HTKJ
Lake Manyara Airport,-3.37631,35.818298,HTLM
Mtwara Airport,-10.336204,40.181997,HTMT
Mwanza International Airport,-2.446563,32.936049,HTMW
Pemba Airport,-5.25726,39.811401,HTPE
Tanga Airport,-5.09236,39.071201,HTTG
Abeid Amani Karume International Airport,-6.22202,39.224899,HTZA
Kalocsa-Foktő Airfield,46.55149,18.942299,LHKA
Arua Airport,3.049152,30.911714,HUAR
Entebbe International Airport,0.042386,32.443501,HUEN
Gulu Airport,2.805560112,32.27180099,HUGU
Soroti Airport,1.727689981,33.62279892,HUSO
Chengdu Huaizhou Airport,30.677339,104.529397,
Indigo Bay Lodge Airport,-21.708,35.452801,
Dhoho International Airport,-7.749527,111.946831,WARD
Old Nabire Airport,-3.368586,135.496702,
Tabing Airport,-0.874989,100.351997,
Susilo Airport,0.063851,111.473572,
Bilorai Airport,-3.739503,137.031183,
Maharshi Valmiki International Airport,26.747736,82.163664,VEAY
Sindhudurg Airport,16.002552,73.529846,VOSR
Navi Mumbai International Airport,18.984597,73.065253,VANM
Rashtrakavi Kuvempu Airport,13.858024,75.618868,VOSH
Itanagar Donyi Polo Hollongi Airport,26.96683,93.638792,
Sant Gadge Baba Yavatmal Airport,20.395781,78.216272,
Noida International Airport,28.179868,77.611843,VIND
Maa Mahamaya Airport,22.98753,83.19612,VEAP
H1 New Air Base,33.816262,41.436712,
H2 Air Base,33.36372375,40.58802414,
H3 Air Base,32.92938232,39.74510193,
H3 Northwest AFB,33.0745697,39.599617,
H3 Southwest Air Base,32.74492645,39.59955597,
Jalibah Southeast Air Base,30.546518,46.602779,
Kut Al Hayy East Air Base,32.11684036,46.3822403,
Qalat Salih Air Base,31.45658112,47.28979111,
Rasheed Air Base,33.279327,44.493706,
Ruwayshid Air Base,32.40611267,39.12361145,
Sahl Sinjar Air Base,35.85926437,42.14213943,
Samarra East Air Base / Dhuluiya Airport,34.16554,44.264304,
Tal Ashtah New Air Base,35.139721,44.133888,
Tuz Khurmatu Air Base,34.93722153,44.48277664,
Oghab 44 Airbase,28.04816,55.521791,
King Feisal Air Base,30.3435,36.147701,OJKF
Boulder City Municipal Airport,35.947161,-114.858799,
Mesquite Airport,36.833105,-114.055928,
Van Zandt County Regional Airport,32.681499,-95.9841,
South Alabama Regional At Bill Benton Field Airport,31.3088,-86.393799,
Lehigh Valley International Airport,40.651773,-75.442797,KABE
Abilene Regional Airport,32.41130066,-99.68190002,KABI
Albuquerque International Sunport,35.039976,-106.608925,KABQ
Aberdeen Regional Airport,45.44910049,-98.42179871,KABR
Southwest Georgia Regional Airport,31.532946,-84.196215,KABY
Nantucket Memorial Airport,41.25310135,-70.06020355,KACK
Waco Regional Airport,31.61129951,-97.23049927,KACT
California Redwood Coast-Humboldt County Airport,40.978101,-124.109,KACV
Atlantic City International Airport,39.456201,-74.577511,KACY
Ada Regional Airport,34.805214,-96.671988,KADH
Joint Base Andrews,38.810799,-76.866997,KADW
Double Eagle II Airport,35.145199,-106.794998,
Alexandria International Airport,31.325828,-92.546702,KAEX
Perot Field/Fort Worth Alliance Airport,32.99044,-97.31947,KAFW
Allegheny County Airport,40.354401,-79.930199,KAGC
Augusta Regional At Bush Field,33.3699,-81.9645,KAGS
Athens Ben Epps Airport,33.948842,-83.325634,KAHN
Alliance Municipal Airport,42.052543,-102.803965,KAIA
Akron Fulton International Airport,41.037355,-81.46784,KAKR
Albany International Airport,42.748299,-73.801697,KALB
Alice International Airport,27.7409,-98.026901,KALI
Alamogordo White Sands Regional Airport,32.837818,-105.993149,KALM
St Louis Regional Airport,38.89030075,-90.04599762,KALN
Waterloo Regional Airport,42.55709839,-92.40029907,KALO
San Luis Valley Regional Airport/Bergman Field,37.434898,-105.866997,KALS
Walla Walla Regional Airport,46.09489822,-118.288002,KALW
Rick Husband Amarillo International Airport,35.217857,-101.706444,KAMA
Anniston Regional Airport,33.5882,-85.8581,KANB
Anderson Regional Airport,34.49459839,-82.70939636,KAND
Altoona Blair County Airport,40.296398,-78.32,KAOO
Centennial Airport,39.57009888,-104.848999,KAPA
Naples Municipal Airport,26.15259933,-81.77529907,KAPF
Phillips Army Air Field,39.466202,-76.1688,KAPG
Alpena County Regional Airport,45.0780983,-83.56030273,KAPN
Acadiana Regional Airport,30.0378,-91.883904,KARA
Watertown International Airport,43.991901,-76.021698,KART
Aspen-Pitkin County Airport (Sardy Field),39.223202,-106.869003,KASE
Astoria Regional Airport,46.15800095,-123.8789978,KAST
Hartsfield Jackson Atlanta International Airport,33.6367,-84.428101,KATL
Appleton International Airport,44.258515,-88.519,KATW
Watertown Regional Airport,44.91400146,-97.15470123,KATY
Augusta State Airport,44.3205986,-69.79730225,KAUG
Austin Bergstrom International Airport,30.197535,-97.662015,KAUS
Wausau Downtown Airport,44.92620087,-89.62660217,KAUW
Asheville Regional Airport,35.435488,-82.541853,KAVL
Wilkes-Barre/Scranton International Airport,41.337064,-75.724232,KAVP
Arlington Municipal Airport,48.161448,-122.158442,
Chandler Field,45.866299,-95.394699,KAXN
Kalamazoo/Battle Creek International Airport,42.232105,-85.549637,KAZO
Beale Air Force Base,39.136101,-121.436996,KBAB
Barksdale Air Force Base,32.501801,-93.662697,KBAD
Westfield-Barnes Regional Airport,42.157799,-72.715599,KBAF
Columbus Municipal Airport,39.262386,-85.895576,KBAK
New Braunfels National Airport,29.7045,-98.042198,KBAZ
Curtis Field,31.178931,-99.324732,KBBD
Branson Airport,36.532082,-93.200544,KBBG
Bryce Canyon Airport,37.70640183,-112.1449966,KBCE
Boca Raton Airport,26.3785,-80.107697,KBCT
Baudette International Airport,48.728401,-94.612198,KBDE
Bradley International Airport,41.938555,-72.688016,KBDL
Igor I Sikorsky Memorial Airport,41.163502,-73.126198,KBDR
Laurence G Hanscom Field,42.470001,-71.289001,KBED
Bradford Regional Airport,41.80310059,-78.64009857,KBFD
Western Neb. Rgnl/William B. Heilig Airport,41.87400055,-103.5960007,KBFF
King County International Airport - Boeing Field,47.527042,-122.29995,KBFI
Meadows Field,35.433601,-119.056999,KBFL
Mobile Downtown Airport,30.62680054,-88.06809998,KBFM
Greater Binghamton/Edwin A Link field,42.20869827,-75.97979736,KBGM
Bangor International Airport,44.806364,-68.826668,KBGR
Hancock County-Bar Harbor Airport,44.45000076,-68.3615036,KBHB
Birmingham-Shuttlesworth International Airport,33.562877,-86.750712,KBHM
Biggs Army Air Field (Fort Bliss),31.84950066,-106.3799973,KBIF
Eastern Sierra Regional Airport,37.3731,-118.363998,KBIH
Billings Logan International Airport,45.808932,-108.541242,KBIL
Bismarck Municipal Airport,46.772734,-100.746874,KBIS
Keesler Air Force Base,30.41040039,-88.92440033,KBIX
Rocky Mountain Metropolitan Airport,39.908798,-105.116997,KBJC
Bemidji Regional Airport,47.50939941,-94.93370056,KBJI
Baker City Municipal Airport,44.83729935,-117.8089981,KBKE
Buckley Space Force Base,39.701698,-104.751999,KBKF
Burke Lakefront Airport,41.51750183,-81.6832962,KBKL
Raleigh County Memorial Airport,37.7873,-81.124199,KBKW
Mercer County Airport,37.295799,-81.207703,KBLF
Blythe Airport,33.61920166,-114.7170029,KBLH
Bellingham International Airport,48.7928009,-122.538002,KBLI
Scott AFB/Midamerica Airport,38.5452,-89.835197,KBLV
Monroe County Airport,39.14599991,-86.61669922,KBMG
Central Illinois Regional Airport at Bloomington-Normal,40.4771,-88.915901,KBMI
Nashville International Airport,36.1245,-86.6782,KBNA
Burns Municipal Airport,43.590463,-118.955154,KBNO
Boise Air Terminal/Gowen Field,43.5644,-116.223,KBOI
Boston Logan International Airport,42.36197,-71.0079,KBOS
Miley Memorial Field,42.58509827,-110.1110001,KBPI
Ozark Regional Airport,36.3689003,-92.47049713,KBPK
Jack Brooks Regional Airport,29.9508,-94.020699,KBPT
Brunswick Golden Isles Airport,31.258801,-81.466499,KBQK
Brainerd Lakes Regional Airport,46.402861,-94.129727,KBRD
Southeast Iowa Regional Airport,40.78319931,-91.12550354,KBRL
Brownsville South Padre Island International Airport,25.907238,-97.425235,KBRO
Battle Creek Executive Airport at Kellogg Field,42.307301,-85.251503,KBTL
Bert Mooney Airport,45.95479965,-112.4970016,KBTM
Baton Rouge Metropolitan Airport,30.533199,-91.149597,KBTR
Patrick Leahy Burlington International Airport,44.471901,-73.153297,KBTV
Buffalo Niagara International Airport,42.940498,-78.732201,KBUF
Hollywood Burbank/Bob Hope Airport,34.202834,-118.35805,KBUR
Beaver County Airport,40.772499,-80.391403,KBVI
Beverly Regional Airport,42.584202,-70.916496,KBVY
Bowling Green Warren County Regional Airport,36.96450043,-86.41970062,KBWG
Baltimore/Washington International Thurgood Marshall Airport,39.1754,-76.668297,KBWI
Brunswick Executive Airport,43.89220047,-69.93859863,KBXM
Arkansas International Airport,35.96429825,-89.94400024,KBYH
Burley Municipal Airport,42.54259872,-113.7720032,KBYI
Bicycle Lake Army Air Field,35.2804985,-116.6299973,KBYS
Bozeman Yellowstone International Airport,45.778853,-111.153711,KBZN
Columbia Metropolitan Airport,33.938172,-81.123022,KCAE
Akron Canton Regional Airport,40.91609955,-81.44219971,KCAK
Caribou Municipal Airport,46.871498,-68.017899,KCAR
Columbus Air Force Base,33.643799,-88.443802,KCBM
Buchanan Field,37.9897,-122.056999,KCCR
Northeast Iowa Regional Airport,43.07260132,-92.6108017,KCCY
Cedar City Regional Airport,37.70100021,-113.098999,KCDC
Chadron Municipal Airport,42.837601,-103.095001,KCDR
Childress Municipal Airport,34.43379974,-100.288002,KCDS
Jack Mc Namara Field Airport,41.778929,-124.236403,KCEC
Westover Metropolitan Airport / Westover Air Reserve Base,42.194,-72.534798,
Bob Sikes Airport,30.77879906,-86.52210236,KCEW
Cortez Municipal Airport,37.303001,-108.627998,KCEZ
Cuyahoga County Airport,41.56510162,-81.48639679,KCGF
Cape Girardeau Regional Airport,37.2253,-89.570801,KCGI
Chattanooga Metropolitan Airport (Lovell Field),35.035301,-85.203796,KCHA
Charlottesville Albemarle Airport,38.1385994,-78.45290375,KCHO
Charleston International Airport,32.896159,-80.038151,KCHS
The Eastern Iowa Airport,41.884701,-91.7108,KCID
Chippewa County International Airport,46.242038,-84.462082,KCIU
North Central West Virginia Airport,39.2966,-80.228104,KCKB
Cleveland Hopkins International Airport,41.411701,-81.8498,KCLE
Easterwood Field,30.5886,-96.3638,KCLL
William R Fairchild International Airport,48.120201,-123.5,KCLM
Charlotte Douglas International Airport,35.2140007,-80.94309998,KCLT
Camarillo International Airport,34.213699,-119.094002,
John Glenn Columbus International Airport,39.998001,-82.891899,KCMH
University of Illinois Willard Airport,40.039819,-88.276249,KCMI
Houghton County Memorial Airport,47.16839981,-88.4890976,KCMX
Cavern City Air Terminal,32.33750153,-104.2630005,KCNM
Chanute Martin Johnson Airport,37.668173,-95.486727,KCNU
Canyonlands Regional Airport,38.755001,-109.754997,KCNY
Yellowstone Regional Airport,44.520199,-109.024002,KCOD
Coeur D'Alene Airport - Pappy Boyington Field,47.7743,-116.82,KCOE
Patrick Space Force Base,28.2349,-80.6101,KCOF
Concord Municipal Airport,43.20270157,-71.50229645,KCON
City of Colorado Springs Municipal Airport,38.805801,-104.700996,KCOS
Columbia Regional Airport,38.8181,-92.219597,KCOU
Casper-Natrona County International Airport,42.907381,-106.461609,KCPR
Grand Strand Airport,33.81169891,-78.72389984,KCRE
Jacksonville Executive at Craig Airport,30.3362999,-81.51439667,KCRG
Corpus Christi International Airport,27.770399,-97.501198,KCRP
McClellan-Palomar Airport,33.1283,-117.279999,KCRQ
Yeager Airport,38.3731,-81.593201,KCRW
Columbus Airport,32.516415,-84.939602,KCSG
Crossville Memorial Airport Whitson Field,35.95131,-85.08499,KCSV
Cut Bank International Airport,48.608657,-112.378183,KCTB
Jim Hamilton L.B. Owens Airport,33.97050095,-80.99520111,KCUB
Cincinnati Northern Kentucky International Airport,39.048801,-84.667801,KCVG
Clovis Municipal Airport,34.426594,-103.078794,KCVN
Corvallis Municipal Airport,44.49720001,-123.2900009,KCVO
Cannon Air Force Base,34.382801,-103.321999,KCVS
Central Wisconsin Airport,44.777448,-89.670238,KCWA
Conroe-North Houston Regional Airport,30.351801,-95.414497,KCXO
Carson Airport,39.194331,-119.734312,KCXP
Cheyenne Regional Jerry Olson Field,41.155701,-104.811997,KCYS
Davison Army Air Field,38.71500015,-77.18099976,KDAA
Daytona Beach International Airport,29.18255,-81.059464,KDAB
Barstow Daggett Airport,34.85369873,-116.7870026,KDAG
Dallas Love Field,32.844776,-96.847653,KDAL
Danville Regional Airport,36.572899,-79.336098,KDAN
James M. Cox Dayton International Airport,39.902401,-84.219398,KDAY
Dubuque Regional Airport,42.402,-90.709503,KDBQ
Ronald Reagan Washington National Airport,38.8521,-77.037697,KDCA
Dodge City Regional Airport,37.76340103,-99.96559906,KDDC
Decatur Airport,39.83459854,-88.86569977,KDEC
Denver International Airport,39.860027,-104.673792,KDEN
Coleman A. Young Municipal Airport,42.40919876,-83.00990295,
Dallas Fort Worth International Airport,32.896801,-97.038002,KDFW
Dothan Regional Airport,31.32130051,-85.44960022,KDHN
Dalhart Municipal Airport,36.02259827,-102.5469971,KDHT
Dickinson Theodore Roosevelt Regional Airport,46.797533,-102.801905,KDIK
Laughlin Air Force Base,29.359501,-100.778002,KDLF
Duluth International Airport,46.841873,-92.198746,KDLH
Columbia Gorge Regional Airport,45.620979,-121.170777,KDLS
Davis Monthan Air Force Base,32.16650009,-110.8830032,KDMA
Deming Municipal Airport,32.26229858,-107.7210007,KDMN
Daniel Field,33.46649933,-82.03939819,KDNL
Dover Civil Air Terminal/Dover Air Force Base,39.129501,-75.466003,KDOV
Dupage Airport,41.90779877,-88.24859619,KDPA
Desert Rock Airport,36.6194,-116.032997,KDRA
Beauregard Regional Airport,30.831699,-93.339897,KDRI
Durango La Plata County Airport,37.151501,-107.753998,KDRO
Del Rio International Airport,29.37420082,-100.927002,KDRT
Des Moines International Airport,41.534027,-93.656719,KDSM
Destin Executive Airport,30.400101,-86.471497,KDTS
Detroit Metropolitan Wayne County Airport,42.21377,-83.353786,KDTW
Durant Regional Airport - Eaker Field,33.939675,-96.395072,KDUA
Bisbee Douglas International Airport,31.464139,-109.60456,KDUG
DuBois Regional Airport,41.17829895,-78.8986969,KDUJ
Devils Lake Regional Airport,48.115454,-98.908796,KDVL
Danbury Municipal Airport,41.371656,-73.482227,KDXR
Dyess Air Force Base,32.420799,-99.854599,KDYS
Kearney Regional Airport,40.727001,-99.006798,KEAR
Pangborn Memorial Airport,47.398899,-120.207001,KEAT
Chippewa Valley Regional Airport,44.86579895,-91.48429871,KEAU
Elizabeth City Regional Airport & Coast Guard Air Station,36.260601,-76.174599,KECG
Northwest Florida Beaches International Airport,30.357106,-85.795414,KECP
Austin Executive Airport,30.398049,-97.566909,
Edwards Air Force Base,34.910781,-117.886391,KEDW
Needles Airport,34.7663002,-114.6230011,KEED
Dillant Hopkins Airport,42.898399,-72.270798,KEEN
Shelby County Airport,33.17699814,-86.78279877,
Ellington Airport,29.6072998,-95.15879822,KEFD
Eagle County Regional Airport,39.64260101,-106.9179993,KEGE
Duke Field,30.65040016,-86.52290344,KEGI
Murray Field,40.803398,-124.112999,KEKA
Elkins-Randolph County Regional Airport,38.889759,-79.857651,KEKN
Elko Regional Airport,40.82490158,-115.7919998,KEKO
South Arkansas Regional Airport at Goodwin Field,33.221001,-92.813301,KELD
Elmira Corning Regional Airport,42.15990067,-76.89160156,KELM
Ely Municipal Airport,47.82450104,-91.83070374,KELO
El Paso International Airport,31.809908,-106.375607,KELP
Ely Airport Yelland Field,39.29970169,-114.8420029,KELY
Vance Air Force Base,36.339199,-97.916496,KEND
Wendover Airport,40.71870041,-114.0309982,KENV
Kenosha Regional Airport,42.59569931,-87.92780304,KENW
Erie International Tom Ridge Field,42.083127,-80.173867,KERI
Delta County Airport,45.723199,-87.088623,KESC
Esler Army Airfield / Esler Regional Airport,31.394266,-92.294082,KESF
Eugene Airport,44.124599,-123.211998,KEUG
Evansville Regional Airport,38.03699875,-87.53240204,KEVV
Evanston-Uinta County Airport-Burns Field,41.27479935,-111.0350037,KEVW
New Bedford Regional Airport,41.67610168,-70.95690155,KEWB
Coastal Carolina Regional Airport,35.07300186,-77.04290009,KEWN
Newark Liberty International Airport,40.6894,-74.170545,KEWR
Key West International Airport,24.556119,-81.759579,KEYW
Felker Army Air Field,37.1325,-76.608803,KFAF
Hector International Airport,46.9207,-96.815804,KFAR
Fresno Yosemite International Airport,36.775767,-119.718018,KFAT
Fayetteville Regional Airport - Grannis Field,34.991199,-78.880302,KFAY
Simmons Army Air Field,35.13180161,-78.93669891,KFBG
Butts AAF (Fort Carson) Air Field,38.67839813,-104.7570038,KFCS
Findlay Airport,41.01350021,-83.66870117,KFDY
Wright-Patterson Air Force Base,39.826099,-84.048302,KFFO
Friday Harbor Airport,48.523654,-123.024645,KFHR
Sierra Vista Municipal Airport / Libby Army Air Field,31.587383,-110.348225,KFHU
Venango Regional Airport,41.37789917,-79.86039734,KFKL
Flagstaff Pulliam Airport,35.139757,-111.669826,KFLG
Fort Lauderdale Hollywood International Airport,26.072599,-80.152702,KFLL
Florence Regional Airport,34.1853981,-79.72389984,KFLO
Fort Meade Executive Airport,39.0854,-76.759399,KFME
Four Corners Regional Airport,36.741199,-108.230003,KFMN
Page Field,26.58659935,-81.86329651,KFMY
Northern Colorado Regional Airport,40.44969,-105.011272,KFNL
Bishop International Airport,42.969294,-83.743355,KFNT
Fort Dodge Regional Airport,42.552624,-94.191237,KFOD
Topeka Regional Airport,38.950901,-95.663597,KFOE
Treasure Coast International Airport,27.4951,-80.368301,KFPR
Republic Airport,40.728576,-73.414267,KFRG
Marshall Army Air Field,39.053021,-96.764202,KFRI
Sioux Falls Regional Airport,43.585463,-96.741152,KFSD
Henry Post Army Air Field,34.649799,-98.402199,KFSI
Fort Smith Regional Airport,35.336601,-94.367401,KFSM
Fort Stockton Pecos County Airport,30.91570091,-102.9160004,KFST
Godman Army Air Field,37.90710068,-85.9720993,KFTK
Fort Worth Meacham International Airport,32.819919,-97.360818,KFTW
Fulton County Airport Brown Field,33.77909851,-84.52140045,KFTY
Fort Wayne International Airport,40.978896,-85.194465,KFWA
Fort Lauderdale Executive Airport,26.19729996,-80.17070007,KFXE
Drake Field,36.00510025,-94.17009735,KFYV
Jalal-Abad Airport,40.944401,72.977798,UCFD
Northeast Wyoming Regional Airport,44.3489,-105.539001,KGCC
Garden City Regional Airport,37.92750168,-100.723999,KGCK
Grand Canyon National Park Airport,35.9524,-112.147003,KGCN
Dawson Community Airport,47.137658,-104.80691,KGDV
Spokane International Airport,47.6199,-117.533997,KGEG
Grand Forks International Airport,47.949299,-97.176102,KGFK
Floyd Bennett Memorial Airport,43.34120178,-73.61029816,KGFL
East Texas Regional Airport,32.38399887,-94.71150208,KGGG
Glasgow Valley County Airport Wokal Field,48.212502,-106.614998,KGGW
Grand Junction Regional Airport,39.126663,-108.529387,KGJT
Goodland Municipal Airport,39.370701,-101.699753,KGLD
Mid Delta Regional Airport,33.482899,-90.985603,KGLH
Scholes International At Galveston Airport,29.265301,-94.860397,KGLS
Greenville Downtown Airport,34.847903,-82.350217,KGMU
Gainesville Regional Airport,29.69009972,-82.27179718,KGNV
Groton New London Airport,41.330101,-72.045097,KGON
Glacier Park International Airport,48.310501,-114.255997,KGPI
Gulfport Biloxi International Airport,30.405582,-89.069836,KGPT
Austin Straubel International Airport,44.483459,-88.130805,KGRB
Gray Army Air Field,47.07920074,-122.5810013,KGRF
Central Nebraska Regional Airport,40.96749878,-98.30960083,KGRI
Killeen Regional Airport / Robert Gray Army Airfield,31.0672,-97.828903,KGRK
Gerald R. Ford International Airport,42.880798,-85.522797,KGRR
Seymour Johnson Air Force Base,35.339401,-77.960602,KGSB
Piedmont Triad International Airport,36.09937,-79.937262,KGSO
Greenville-Spartanburg International Airport,34.895699,-82.218903,KGSP
Wheeler Sack Army Air Field,44.055599,-75.719498,KGTB
Great Falls International Airport,47.481998,-111.371002,KGTF
Golden Triangle Regional Airport,33.450298,-88.5914,KGTR
Gunnison Crested Butte Regional Airport,38.534672,-106.934566,KGUC
Gallup Municipal Airport,35.511653,-108.788166,KGUP
Grissom Air Reserve Base,40.648102,-86.1521,KGUS
Guymon Municipal Airport,36.68510056,-101.5080032,KGUY
Greenwood–Leflore Airport,33.495025,-90.088204,KGWO
North Texas Regional Airport Perrin Field,33.7141,-96.673698,KGYI
Gary/Chicago International Airport,41.617087,-87.413206,
Dara Sakor International Airport,10.914244,103.226652,
Techo International Airport,11.359987,104.921272,VDTI
Hattiesburg Bobby L Chain Municipal Airport,31.26479912,-89.25279999,KHBG
Hobart Regional Airport,34.991317,-99.051313,KHBR
Yampa Valley Airport,40.481201,-107.218002,KHDN
Manassas Regional Airport/Harry P. Davis Field,38.721401,-77.515404,KHEF
Hartford Brainard Airport,41.73669815,-72.6493988,KHFD
Hagerstown Regional Richard A Henson Field,39.708771,-77.728014,KHGR
Jack Northrop Field Hawthorne Municipal Airport,33.922798,-118.334999,KHHR
Range Regional Airport,47.384831,-92.836905,KHIB
Hill Air Force Base,41.12403,-111.973086,KHIF
Lake Havasu City Airport,34.570506,-114.357745,KHII
Portland Hillsboro Airport,45.540401,-122.949997,KHIO
Hickory Regional Airport,35.74110031,-81.38950348,KHKY
Wheeling Ohio County Airport,40.17499924,-80.64630127,KHLG
Helena Regional Airport,46.6068,-111.983002,KHLN
Holloman Air Force Base,32.852501,-106.107002,KHMN
Lea County Regional Airport,32.6875,-103.217003,KHOB
Huron Regional Airport,44.385201,-98.2285,KHON
Campbell Army Airfield (Fort Campbell),36.674154,-87.48974,KHOP
Memorial Field Airport,34.4788,-93.096262,KHOT
William P. Hobby Airport,29.645336,-95.276812,KHOU
Westchester County Airport,41.06700134,-73.70760345,KHPN
Bowerman Airport,46.97119904,-123.9369965,KHQM
Valley International Airport,26.22850037,-97.65440369,KHRL
Boone County Airport,36.26150131,-93.15470123,KHRO
Hurlburt Field,30.427799,-86.689301,
Homestead Air Reserve Base,25.4886,-80.383598,KHST
Huntsville International Airport,34.636244,-86.774378,KHSV
Tri-State Airport / Milton J. Ferguson Field,38.366699,-82.557999,KHTS
Redstone Army Air Field,34.67869949,-86.68479919,KHUA
"Terre Haute Regional Airport, Hulman Field",39.4515,-87.307602,
Houlton International Airport,46.12310028,-67.792099,KHUL
Hutchinson Municipal Airport,38.06549835,-97.86060333,KHUT
Tweed New Haven Airport,41.262869,-72.887694,KHVN
Havre City County Airport,48.541387,-109.762859,KHVR
North Perry Airport,26.0012,-80.2407,KHWO
Hilton Head Airport,32.2244,-80.697502,KHXD
Cape Cod Gateway Airport,41.6693,-70.280403,KHYA
San Marcos Regional Airport,29.8927,-97.862999,
Sawyer County Airport,46.02519989,-91.44429779,KHYR
Hays Regional Airport,38.844521,-99.273148,KHYS
Northeast Ohio Regional Airport,41.778,-80.695503,KHZY
Central Kentucky Regional Airport,37.630798,-84.332298,
McConnell Air Force Base,37.621899,-97.268204,KIAB
Washington Dulles International Airport,38.9445,-77.455803,KIAD
Niagara Falls International Airport,43.1073,-78.946198,KIAG
George Bush Intercontinental Airport,29.9844,-95.3414,KIAH
Wichita Dwight D. Eisenhower National Airport,37.650314,-97.428583,KICT
Idaho Falls Regional Airport,43.514599,-112.070999,KIDA
Laughlin Bullhead International Airport,35.154726,-114.559322,KIFP
Kingman Airport,35.259499,-113.938004,KIGM
Greater Kankakee Airport,41.07139969,-87.84629822,KIKK
Wilmington Airport,39.678699,-75.606499,KILG
Wilmington International Airport,34.272345,-77.905117,KILM
Wilmington Airpark,39.42789841,-83.792099,KILN
Ford Airport,45.81911,-88.114557,KIMT
Indianapolis International Airport,39.7173,-86.294403,KIND
Winkler County Airport,31.7796,-103.200996,KINK
Falls International Airport,48.56620026,-93.40309906,KINL
Smith Reynolds Airport,36.13370132,-80.22200012,KINT
Winslow Lindbergh Regional Airport,35.02190018,-110.7229996,KINW
Imperial County Airport,32.83539,-115.574026,KIPL
Williamsport Regional Airport,41.242126,-76.92245,KIPT
Kirksville Regional Airport,40.09349823,-92.54489899,KIRK
Kissimmee Gateway Airport,28.28980064,-81.43710327,KISM
Kinston Regional Jetport At Stallings Field,35.33140183,-77.6088028,KISO
Long Island MacArthur Airport,40.796324,-73.101703,KISP
Ithaca Tompkins Regional Airport,42.49100113,-76.45839691,KITH
Mesa Gateway Airport,33.3078,-111.654999,KIWA
Jackson Hole Airport,43.6073,-110.737999,KJAC
Jackson-Medgar Wiley Evers International Airport,32.311199,-90.075897,KJAN
Jacksonville International Airport,30.492469,-81.687813,KJAX
Jonesboro Municipal Airport,35.83169937,-90.64640045,KJBR
Kimble County Airport,30.51129913,-99.7634964,KJCT
John F. Kennedy International Airport,40.639447,-73.779317,KJFK
Chautauqua County-Jamestown Airport,42.15425,-79.254008,KJHW
Julian Carroll Airport,37.59389877,-83.31729889,
Joplin Regional Airport,37.151798,-94.498299,KJLN
Jamestown Regional Airport,46.92969894,-98.67819977,KJMS
Johnston Regional Airport,35.540901,-78.390297,
Concord-Padgett Regional Airport,35.387798,-80.709099,KJQF
John Murtha Johnstown Cambria County Airport,40.31610107,-78.83390045,KJST
Mid-Way Regional Airport,32.4587,-96.912399,
Jackson County Airport/Reynolds Field,42.260509,-84.463019,KJXN
Southwest Washington Regional Airport,46.11800003,-122.8980026,KKLS
Bakersfield International Airport,35.324799,-118.996002,
California City Municipal Airport,35.151377,-118.016059,
Southeast Colorado Regional Airport,38.066407,-102.691373,KLAA
Purdue University Airport,40.412875,-86.939363,KLAF
Lakeland Linder International Airport,27.989267,-82.020715,KLAL
Capital Region International Airport,42.777582,-84.585721,KLAN
Laramie Regional Airport,41.31209946,-105.6750031,KLAR
Harry Reid International Airport,36.083361,-115.151817,KLAS
Lawton Fort Sill Regional Airport,34.567699,-98.416603,KLAW
Los Angeles International Airport,33.942501,-118.407997,KLAX
Lubbock Preston Smith International Airport,33.663601,-101.822998,KLBB
Arnold Palmer Regional Airport,40.275902,-79.4048,KLBE
North Platte Regional Airport Lee Bird Field,41.12620163,-100.6839981,KLBF
Liberal Mid-America Regional Airport,37.0442009,-100.9599991,KLBL
Lumberton Regional Airport,34.610773,-79.05943,KLBT
Texas Gulf Coast Regional Airport,29.108601,-95.462097,KLBX
Lake Charles Regional Airport,30.12610054,-93.22329712,KLCH
Rickenbacker International Airport,39.813801,-82.927803,KLCK
Lebanon Municipal Airport,43.62609863,-72.30419922,KLEB
Leesburg International Airport,28.82309914,-81.80870056,KLEE
Blue Grass Airport,38.035066,-84.606738,KLEX
Langley Air Force Base,37.082901,-76.360497,KLFI
Angelina County Airport,31.23399925,-94.75,KLFK
Lafayette Regional Airport,30.205299,-91.987602,KLFT
LaGuardia Airport,40.777199,-73.872597,KLGA
Long Beach International Airport,33.816523,-118.149891,KLGB
Logan-Cache Airport,41.79119873,-111.8519974,KLGU
Bill & Hillary Clinton National Airport/Adams Field,34.729222,-92.223591,KLIT
Monticello Municipal Ellis Field,33.638599,-91.750999,
Crater Lake-Klamath Regional Airport,42.156101,-121.733002,KLMT
Hunt Field,42.815201,-108.730003,KLND
Lincoln Airport,40.844882,-96.76178,KLNK
Lancaster Airport,40.12170029,-76.2960968,KLNS
Derby Field,40.06639862,-118.5650024,KLOL
Bowman Field,38.22800064,-85.66369629,KLOU
London-Corbin Airport/Magee Field,37.0821991,-84.0848999,KLOZ
Laredo International Airport,27.5438,-99.461601,KLRD
Little Rock Air Force Base,34.91690063,-92.14969635,KLRF
Las Cruces International Airport,32.289398,-106.921997,KLRU
La Crosse Regional Airport,43.879002,-91.256699,KLSE
Lawson Army Air Field,32.332546,-84.988003,KLSF
Nellis Air Force Base,36.23619843,-115.0339966,KLSV
Altus Air Force Base,34.667099,-99.266701,KLTS
Luke Air Force Base,33.535,-112.383003,KLUF
Cincinnati Municipal Airport Lunken Field,39.102357,-84.418945,KLUK
Mission Field,45.69940186,-110.447998,KLVM
Las Vegas Municipal Airport,35.654202,-105.141998,KLVS
Greenbrier Valley Airport,37.857914,-80.400438,KLWB
Lawrence Municipal Airport,42.71720123,-71.12339783,KLWM
Lewiston Nez Perce County Airport,46.37450027,-117.0149994,KLWS
Lewistown Municipal Airport,47.048429,-109.466143,KLWT
Lynchburg Regional Airport - Preston Glenn Field,37.326698,-79.200401,KLYH
Midland International Air and Space Port,31.942499,-102.202003,KMAF
Mobridge Municipal Airport,45.54650116,-100.4079971,KMBG
MBS International Airport,43.533181,-84.083104,KMBS
McComb-Pike County Airport / John E Lewis Field,31.178499,-90.471901,KMCB
McClellan Airfield,38.667599,-121.401001,KMCC
Merced Regional Macready Field,37.284698,-120.514,KMCE
MacDill Air Force Base,27.8493,-82.521202,KMCF
Kansas City International Airport,39.301699,-94.713893,KMCI
McCook Ben Nelson Regional Airport,40.207787,-100.592794,KMCK
Middle Georgia Regional Airport,32.69279861,-83.64920044,KMCN
Orlando International Airport,28.42939949,-81.30899811,KMCO
Mason City Municipal Airport,43.159801,-93.329716,KMCW
Southern Illinois Airport,37.778099,-89.251999,KMDH
Harrisburg International Airport,40.192838,-76.762333,KMDT
Chicago Midway International Airport,41.785999,-87.752403,KMDW
Key Field / Meridian Regional Airport,32.3326,-88.7519,KMEI
Memphis International Airport,35.043845,-89.97634,KMEM
Castle Airport,37.38050079,-120.5680008,KMER
Mansfield Lahm Regional Airport,40.82139969,-82.51660156,KMFD
McAllen Miller International Airport,26.176141,-98.237965,KMFE
Rogue Valley International-Medford Airport,42.374199,-122.873001,KMFR
Michigan City Municipal Airport,41.7033,-86.821198,KMGC
Dobbins Air Reserve Base,33.915401,-84.516296,KMGE
Montgomery Regional (Dannelly Field) Airport,32.300598,-86.393997,KMGM
Morgantown Municipal Airport Walter L. (Bill) Hart Field,39.643305,-79.917598,KMGW
Manhattan Regional Airport,39.14099884,-96.67079926,KMHK
Sacramento Mather Airport,38.554744,-121.297989,KMHR
Manchester-Boston Regional Airport,42.932598,-71.435699,KMHT
Mojave Air &  Space Port,35.056391,-118.145342,KMHV
Miami International Airport,25.796011,-80.289751,KMIA
Minot Air Force Base,48.4156,-101.358002,KMIB
Delaware County Johnson Field,40.242298,-85.395897,KMIE
Millville Municipal Airport,39.367802,-75.072197,KMIV
Charles B. Wheeler Downtown Airport,39.123199,-94.592796,KMKC
General Mitchell International Airport,42.947201,-87.896599,KMKE
Muskegon County Airport,43.169498,-86.238197,KMKG
McKellar-Sipes Regional Airport,35.599899,-88.915604,KMKL
Melbourne Orlando International Airport,28.102009,-80.641088,KMLB
Mc Alester Regional Airport,34.882401,-95.783501,KMLC
Quad City International Airport,41.448502,-90.5075,KMLI
Miles City Airport - Frank Wiley Field,46.427268,-105.885372,KMLS
Monroe Regional Airport,32.510899,-92.037697,KMLU
Mammoth Yosemite Airport,37.625381,-118.84306,KMMH
Mc Entire Joint National Guard Base,33.92079926,-80.80130005,KMMT
Morristown Municipal Airport,40.799062,-74.414949,KMMU
McMinnville Municipal Airport,45.194401,-123.136002,KMMV
Mobile Regional Airport,30.6912,-88.242798,KMOB
Modesto City Co-Harry Sham Field,37.625801,-120.954002,KMOD
Minot International Airport,48.25801,-101.279123,KMOT
Edward F Knapp State Airport,44.20349884,-72.56230164,KMPV
Smyrna Airport,36.00899887,-86.52010345,KMQY
Eastern WV Regional Airport/Shepherd Field,39.40190125,-77.98459625,KMRB
Monterey Regional Airport,36.586777,-121.844183,KMRY
Northwest Alabama Regional Airport,34.745123,-87.612981,KMSL
Dane County Regional Truax Field,43.1399,-89.337502,KMSN
Missoula Montana Airport,46.915816,-114.091107,KMSO
Minneapolis–Saint Paul International Airport / Wold–Chamberlain Field,44.880081,-93.221741,KMSP
Massena International Airport Richards Field,44.936157,-74.844304,KMSS
Louis Armstrong New Orleans International Airport,29.993401,-90.264673,KMSY
Selfridge Air National Guard Base Airport,42.613463,-82.836919,KMTC
Florida Keys Marathon International Airport,24.726006,-81.05138,KMTH
Montrose Regional Airport,38.5098,-107.893997,KMTJ
Martin State Airport,39.325699,-76.413803,KMTN
Muir Army Air Field (Fort Indiantown Gap) Airport,40.435214,-76.568661,KMUI
Mountain Home Air Force Base,43.043598,-115.872002,KMUO
Veterans Airport of Southern Illinois,37.751208,-89.016568,KMWA
Grant County International Airport,47.20769882,-119.3199997,KMWH
Mineral Wells Regional Airport,32.781601,-98.060204,KMWL
Maxwell Air Force Base,32.3829,-86.365799,KMXF
McCall Municipal Airport,44.888837,-116.101112,KMYL
Myrtle Beach International Airport,33.679699,-78.928299,KMYR
Yuba County Airport,39.09780121,-121.5699997,KMYV
Beaufort MCAS - Merritt Field,32.47740173,-80.72319794,
New Orleans NAS JRB/Alvin Callender Field,29.82530022,-90.03500366,KNBG
MCAS New River / McCutcheon Field,34.708401,-77.439697,KNCA
Whiting Field Naval Air Station South Airport,30.704399,-87.023003,
Lakehurst Maxfield Field Airport,40.03329849,-74.353302,KNEL
Lakefront Airport,30.04240036,-90.02829742,KNEW
Camp Pendleton MCAS (Munn Field) Airport,33.30130005,-117.3550034,
Fallon Naval Air Station,39.41659927,-118.7009964,KNFL
NAS Fort Worth JRB / Carswell Field,32.769199,-97.441498,KNFW
Naval Air Station Corpus Christi Truax Field,27.6926,-97.2911,KNGP
Norfolk Naval Station (Chambers Field),36.937599,-76.289299,KNGU
Patuxent River Naval Air Station (Trapnell Field),38.285999,-76.411797,KNHK
China Lake Naws (Armitage Field) Airport,35.6853981,-117.6920013,
Jacksonville Naval Air Station (Towers Field),30.2358,-81.680603,KNIP
El Centro NAF Airport (Vraciu Field),32.829201,-115.671996,KNJK
Cherry Point MCAS / Cunningham Field/,34.900902,-76.880699,KNKT
Miramar Marine Corps Air Station - Mitscher Field,32.86840057,-117.1429977,KNKX
Lemoore Naval Air Station (Reeves Field) Airport,36.33300018,-119.9520035,KNLC
Naval Air Station Meridian / McCain Field,32.5531,-88.55406,
Naval Air Station Pensacola Forrest Sherman Field,30.352699,-87.318604,KNPA
Millington-Memphis Airport,35.356701,-89.8703,KNQA
Kingsville Naval Air Station,27.50720024,-97.80970001,KNQI
Naval Air Station Key West/Boca Chica Field,24.57579994,-81.68890381,KNQX
Naval Station Mayport / Admiral David L McDonald Field,30.3911,-81.424698,KNRB
Whiting Field Naval Air Station - North,30.7241993,-87.02189636,KNSE
Point Mugu Naval Air Station (Naval Base Ventura Co),34.12030029,-119.1210022,KNTD
Oceana Naval Air Station,36.820702,-76.033501,KNTU
Moffett Federal Airfield,37.4161,-122.049004,KNUQ
Whidbey Island Naval Air Station (Ault Field),48.351799,-122.655998,KNUW
Twentynine Palms Strategic Expeditionary Landing Field,34.2962,-116.162003,
Quantico Marine Corps Airfield / Turner Field,38.501701,-77.305298,KNYG
Yuma International Airport / Marine Corps Air Station Yuma,32.650938,-114.609375,KNYL
North Island Naval Air Station-Halsey Field,32.69919968,-117.2149963,KNZY
Albert J Ellis Airport,34.829201,-77.612099,KOAJ
San Francisco Bay Oakland International Airport,37.720085,-122.221184,KOAK
Offutt Air Force Base,41.119307,-95.90851,KOFF
Karl Stefan Memorial Airport,41.98550034,-97.43509674,KOFK
Orangeburg Municipal Airport,33.45679855,-80.85949707,KOGB
Ogden Hinckley Airport,41.19589996,-112.012001,KOGD
Ogdensburg International Airport,44.6819,-75.4655,KOGS
Oceanside Municipal Airport,33.217947,-117.351683,KOKB
OKC Will Rogers World Airport,35.393388,-97.598248,KOKC
L M Clayton Airport,48.094501,-105.574997,KOLF
Olympia Regional Airport,46.969399,-122.903,KOLM
Nogales International Airport,31.4177,-110.848,KOLS
Columbus Municipal Airport,41.448145,-97.340174,KOLU
Eppley Airfield,41.3032,-95.894096,KOMA
Ontario Municipal Airport,44.0198,-117.013289,KONO
Newport Municipal Airport,44.580399,-124.057999,KONP
Ontario International Airport,34.056,-117.600998,KONT
Miami-Opa Locka Executive Airport,25.907,-80.278397,KOPF
Quonset State Airport,41.5970993,-71.41210175,KOQU
Chicago O'Hare International Airport,41.9786,-87.9048,KORD
Norfolk International Airport,36.895341,-76.201,KORF
Worcester Regional Airport,42.2673,-71.875702,KORH
Orlando Executive Airport,28.5455,-81.332901,KORL
Orcas Island Airport,48.708199,-122.910004,KORS
Wittman Regional Airport,43.9844017,-88.55699921,KOSH
The Ohio State University Airport - Don Scott Field,40.0798,-83.072998,KOSU
Southwest Oregon Regional Airport,43.417099,-124.2460022,KOTH
Ottumwa Regional Airport,41.106368,-92.449837,KOTM
Owensboro Daviess County Airport,37.74010086,-87.16680145,KOWB
Norwood Memorial Airport,42.19049835,-71.17289734,KOWD
Ocean City Municipal Airport,38.310398,-75.124001,KOXB
Oxnard Airport,34.20080185,-119.2070007,KOXR
Cairns AAF (Fort Rucker) Air Field,31.27569962,-85.71340179,KOZR
Haeju Airfield,38.00739,125.777321,
Kwaksan Air Base,39.731218,125.110159,
Koksan Air Base,38.690201,126.606003,
Hwangju Airbase,38.653459,125.78888,
Pukchang Air Base,39.505001,125.963997,
Toksan Air Base,39.996257,127.611694,
Hwangsuwon Airbase,40.6814,128.151001,
Changjin Air Force Base,40.364375,127.264252,
Riwon Airbase,40.359822,128.720584,
Kwail Air Base,38.425487,125.019093,
Uthachi Highway Strip Airport,38.913877,125.821309,
Koksan 2 Highway Strip,38.663481,126.586618,
Seattle Paine Field International Airport,47.9063,-122.281998,KPAE
Barkley Regional Airport,37.06079865,-88.77380371,KPAH
Tyndall Air Force Base,30.069599,-85.575401,KPAM
Palo Alto Airport,37.461102,-122.114998,KPAO
"Pine Bluff Regional Airport, Grider Field",34.174121,-91.935643,KPBF
Plattsburgh International Airport,44.650902,-73.468102,KPBG
Palm Beach International Airport,26.683201,-80.095596,KPBI
Erie-Ottawa International Airport,41.515647,-82.868328,
DeKalb Peachtree Airport,33.87633,-84.30213,KPDK
Eastern Oregon Regional Airport at Pendleton,45.695099,-118.841003,KPDT
Portland International Airport,45.588699,-122.598,KPDX
Page Municipal Airport,36.924234,-111.447716,KPGA
Punta Gorda Airport,26.9202,-81.990501,KPGD
Pitt-Greenville Airport,35.635535,-77.384262,KPGV
Newport News Williamsburg International Airport,37.131901,-76.492996,KPHF
Philadelphia International Airport,39.871899,-75.241096,KPHL
Phoenix Sky Harbor International Airport,33.435302,-112.005905,KPHX
General Wayne A. Downing Peoria International Airport,40.663841,-89.692631,KPIA
Hattiesburg Laurel Regional Airport,31.4671,-89.337097,KPIB
St. Petersburg Clearwater International Airport,27.9102,-82.687401,KPIE
Pocatello Regional Airport,42.90980148,-112.5960007,KPIH
Pierre Regional Airport,44.38270187,-100.2860031,KPIR
Pittsburgh International Airport,40.491501,-80.232903,KPIT
Mid Ohio Valley Regional Airport,39.3451,-81.439201,KPKB
Pellston Regional Airport of Emmet County Airport,45.57089996,-84.79669952,KPLN
Palmdale Regional Airport / USAF Plant 42 Airport,34.629398,-118.084999,KPMD
Ralph Wenz Field,42.79550171,-109.8069992,KPNA
Ponca City Regional Airport,36.73199844,-97.09980011,KPNC
Northeast Philadelphia Airport,40.082406,-75.010614,KPNE
Pensacola International Airport,30.472718,-87.186639,KPNS
Pope Field,35.170898,-79.014503,KPOB
Polk Army Air Field,31.0447998,-93.1917038,KPOE
Dutchess County Airport,41.62659836,-73.88420105,KPOU
Presque Isle International Airport,46.688999,-68.0448,KPQI
Paso Robles Municipal Airport,35.67290115,-120.6269989,KPRB
Prescott Regional Airport - Ernest A. Love Field,34.653502,-112.419883,KPRC
Cox Field,33.63660049,-95.45079803,KPRX
Tri Cities Airport,46.264702,-119.119003,KPSC
Portsmouth International Airport at Pease,43.0779,-70.823303,KPSM
Palm Springs International Airport,33.8297,-116.507004,KPSP
Oakland County International Airport,42.66550064,-83.42009735,KPTK
Pueblo Memorial Airport,38.289101,-104.497002,KPUB
Pullman-Moscow Regional Airport,46.741601,-117.11163,KPUW
Rhode Island T. F. Green International Airport,41.725038,-71.425668,KPVD
Provo Municipal Airport,40.218894,-111.722445,KPVU
Chicago Executive Airport,42.114222,-87.901494,
Portland International Jetport,43.646198,-70.309303,KPWM
Bremerton National Airport,47.49020004,-122.7649994,KPWT
Naju Juksanbo Airfield,34.973003,126.617118,
Riverside Municipal Airport,33.9519,-117.445,KRAL
Rapid City Regional Airport,44.04529953,-103.0569992,KRAP
Red Bluff Municipal Airport,40.15069962,-122.2519989,KRBL
Ellsworth Air Force Base,44.14500046,-103.1039963,KRCA
Redding Municipal Airport,40.50899887,-122.2929993,KRDD
Reading Regional Airport (Carl A Spaatz Field),40.378502,-75.965202,KRDG
Roberts Field,44.254101,-121.150002,KRDM
Grand Forks Air Force Base,47.96110153,-97.40119934,KRDR
Raleigh-Durham International Airport,35.878659,-78.7873,KRDU
Chicago Rockford International Airport,42.1954,-89.097198,KRFD
Rhinelander Oneida County Airport,45.63119888,-89.46749878,KRHI
Western Carolina Regional Airport,35.195202,-83.862999,
Richmond International Airport,37.505199,-77.319702,KRIC
Garfield County Regional Airport,39.526299,-107.726997,KRIL
March Air Reserve Base,33.880699,-117.259003,KRIV
Central Wyoming Regional Airport,43.064201,-108.459999,KRIW
Knox County Regional Airport,44.060101,-69.099197,KRKD
Southwest Wyoming Regional Airport,41.5942,-109.065001,KRKS
Griffiss International Airport,43.23379898,-75.40699768,KRME
Richard B Russell Airport,34.3506012,-85.15799713,KRMG
Randolph Air Force Base,29.529699,-98.2789,KRND
New Richmond Regional Airport,45.1483,-92.538101,KRNH
Reno Tahoe International Airport,39.4991,-119.767998,KRNO
Roanoke–Blacksburg Regional Airport,37.3255,-79.975403,KROA
Frederick Douglass Greater Rochester International Airport,43.1189,-77.672401,KROC
Roswell Air Center Airport,33.301601,-104.530998,KROW
Russell Municipal Airport,38.87210083,-98.8117981,KRSL
Rochester International Airport,43.908298,-92.5,KRST
Southwest Florida International Airport,26.534685,-81.752816,KRSW
Rutland - Southern Vermont Regional Airport,43.5294,-72.9496,KRUT
Tulsa Riverside Airport,36.0396,-95.984596,KRVS
Redwood Falls Municipal Airport,44.547199,-95.082298,KRWF
Rocky Mount Wilson Regional Airport,35.8563,-77.891899,KRWI
Rawlins Municipal Airport/Harvey Field,41.80559921,-107.1999969,KRWL
Cobb County International Airport-McCollum Field,34.01316,-84.59721,
Sacramento Executive Airport,38.51250076,-121.4929962,KSAC
Santa Fe Municipal Airport,35.6171,-106.088997,KSAF
San Diego International Airport,32.733601,-117.190002,KSAN
San Antonio International Airport,29.533701,-98.469803,KSAT
Savannah Hilton Head International Airport,32.126591,-81.19998,KSAV
Marquette/Sawyer International Airport,46.351498,-87.395884,KSAW
Santa Barbara Municipal Airport,34.426201,-119.839996,KSBA
San Bernardino International Airport,34.096717,-117.236596,KSBD
South Bend International Airport,41.708304,-86.316922,KSBN
San Luis County Regional Airport,35.23680115,-120.6419983,KSBP
Salisbury Ocean City Wicomico Regional Airport,38.34049988,-75.51029968,KSBY
Schenectady County Airport,42.85250092,-73.92890167,KSCH
Stockton Metropolitan Airport,37.893279,-121.238079,KSCK
Louisville Muhammad Ali International Airport,38.1706,-85.735076,KSDF
Brown Field Municipal Airport,32.572639,-116.980019,KSDM
Sidney - Richland Regional Airport,47.705141,-104.194422,KSDY
Seattle–Tacoma International Airport,47.447943,-122.310276,KSEA
Orlando Sanford International Airport,28.774277,-81.234626,KSFB
Felts Field,47.682899,-117.321925,KSFF
San Francisco International Airport,37.619806,-122.374821,KSFO
Springfield Branson National Airport,37.245047,-93.388596,KSGF
Springfield-Beckley Municipal Airport,39.84030151,-83.84020233,KSGH
Northeast Florida Regional Airport,29.9592,-81.339798,KSGJ
Sugar Land Regional Airport,29.62229919,-95.65650177,KSGR
St George Regional Airport,37.036389,-113.510306,KSGU
Shenandoah Valley Regional Airport,38.263802,-78.8964,KSHD
Sheridan County Airport,44.76919937,-106.9800034,KSHR
Shreveport Regional Airport,32.446602,-93.8256,KSHV
Norman Y. Mineta San Jose International Airport,37.362452,-121.929188,KSJC
San Angelo Regional Mathis Field,31.35770035,-100.4960022,KSJT
Fairchild Air Force Base,47.615101,-117.655998,KSKA
Lackland Air Force Base,29.38419914,-98.58110046,KSKF
Taos Regional Airport,36.452494,-105.67749,KSKX
Salt Lake City International Airport,40.78886,-111.979866,KSLC
Salem-Willamette Valley Airport/McNary Field,44.9095,-123.002998,KSLE
Los Alamitos Army Air Field,33.790864,-118.050342,KSLI
Adirondack Regional Airport,44.38691,-74.204629,KSLK
Salina Municipal Airport,38.79100037,-97.65219879,KSLN
Lake Cumberland Regional Airport,37.05339813,-84.61589813,KSME
Sacramento International Airport,38.6954,-121.591003,KSMF
Lemhi County Airport,45.122233,-113.88196,KSMN
Santa Monica Municipal Airport,34.0158,-118.450996,KSMO
Santa Maria Public Airport Captain G Allan Hancock Field,34.898899,-120.457001,KSMX
John Wayne Orange County International Airport,33.675063,-117.869281,KSNA
Salinas Municipal Airport,36.66279984,-121.6060028,KSNS
Sidney Municipal Airport Lloyd W Carr Field,41.101299,-102.985001,KSNY
Sonora Municipal Airport,30.58569908,-100.6490021,
Show Low Regional Airport,34.264062,-110.007091,KSOW
Abraham Lincoln Capital Airport,39.844101,-89.677902,KSPI
Wichita Falls Municipal Airport / Sheppard Air Force Base,33.9888,-98.491898,KSPS
San Carlos Airport,37.51313,-122.250838,KSQL
Sarasota Bradenton International Airport,27.394631,-82.554359,KSRQ
Sierra Blanca Regional Airport,33.462799,-105.535004,KSRR
Shaw Air Force Base,33.972698,-80.470596,KSSC
Stinson Municipal Airport,29.33699989,-98.47109985,KSSF
St Simons Island Airport,31.1518,-81.391296,KSSI
Saint Cloud Regional Airport,45.5466,-94.059898,KSTC
Rosecrans Memorial Airport,39.77190018,-94.90969849,KSTJ
St. Louis Lambert International Airport,38.748697,-90.370003,KSTL
Saint Paul Downtown Holman Field,44.93479,-93.060036,KSTP
Charles M. Schulz Sonoma County Airport,38.50899887,-122.8130035,KSTS
Friedman Memorial Airport,43.50439835,-114.2959976,KSUN
Spirit of St Louis Airport,38.662102,-90.652,KSUS
Travis Air Force Base,38.262699,-121.927002,KSUU
Sioux Gateway Airport / Brigadier General Bud Day Field,42.397605,-96.382237,KSUX
Saline County Regional Airport,34.590599,-92.479401,
Grant County Airport,32.636701,-108.154736,KSVC
Hunter Army Air Field,32.00999832,-81.14569855,KSVN
New York Stewart International Airport,41.50421,-74.108901,KSWF
Stillwater Regional Airport,36.162132,-97.085581,KSWO
Syracuse Hancock International Airport,43.11119843,-76.10630035,KSYR
Whiteman Air Force Base,38.730301,-93.547897,KSZL
Waynesville-St. Robert Regional Airport-Forney Field,37.7416,-92.140701,KTBN
Tucumcari Municipal Airport,35.18280029,-103.6029968,KTCC
Tuscaloosa National Airport,33.2206,-87.611397,KTCL
McChord Air Force Base,47.137699,-122.475998,KTCM
Truth or Consequences Municipal Airport,33.2369,-107.272003,KTCS
Teterboro Airport,40.850101,-74.060799,KTEB
Telluride Regional Airport,37.9538,-107.907997,KTEX
Tinker Air Force Base,35.4147,-97.386597,KTIK
Tacoma Narrows Airport,47.267407,-122.577295,KTIW
Space Coast Regional Airport,28.51479912,-80.79920197,KTIX
Tallahassee International Airport,30.401209,-84.35433,KTLH
Miami Executive Airport,25.6479,-80.4328,KTMB
Troy Municipal Airport at N Kenneth Campbell Field,31.860399,-86.012101,KTOI
Eugene F. Kranz Toledo Express Airport,41.5868,-83.8078,KTOL
Philip Billard Municipal Airport,39.069899,-95.622606,KTOP
Tampa International Airport,27.9755,-82.533203,KTPA
Tonopah Airport,38.06019974,-117.086998,KTPH
Draughon Miller Central Texas Regional Airport,31.1525,-97.407799,KTPL
Tri-Cities Regional TN/VA Airport,36.475201,-82.407401,KTRI
Truckee Tahoe Airport,39.318628,-120.140562,KTRK
Jacqueline Cochran Regional Airport,33.62670135,-116.1600037,KTRM
Portland Troutdale Airport,45.54940033,-122.401001,KTTD
Trenton Mercer Airport,40.276699,-74.813499,KTTN
Space Florida Launch and Landing Facility,28.615,-80.694504,
Tulsa International Airport,36.197084,-95.886225,KTUL
Tupelo Regional Airport,34.26810074,-88.76989746,KTUP
Tucson International Airport,32.115004,-110.938053,KTUS
Cherry Capital Airport,44.741402,-85.582199,KTVC
Thief River Falls Regional Airport,48.065701,-96.184998,KTVF
Lake Tahoe Airport,38.89390182,-119.9950027,KTVL
Joslin Field Magic Valley Regional Airport,42.4818,-114.487999,KTWF
Texarkana Regional Airport (Webb Field),33.453701,-93.990997,KTXK
Tyler Pounds Regional Airport,32.35409927,-95.40239716,KTYR
McGhee Tyson Airport,35.811001,-83.994003,KTYS
South Valley Regional Airport,40.619499,-111.992996,KSVR
Aurora State Airport,45.24710083,-122.7699966,
Quincy Regional Airport Baldwin Field,39.942699,-91.194603,KUIN
Ukiah Municipal Airport,39.125999,-123.200996,KUKI
State College Regional Airport,40.849374,-77.84852,KUNV
University Oxford Airport,34.38430023,-89.53679657,KUOX
Huntsville Regional Airport,30.74690056,-95.58719635,KUTS
Newport State Airport,41.532207,-71.281039,KUUU
Moody Air Force Base,30.96780014,-83.19300079,KVAD
Vandenberg Space Force Base,34.737301,-120.584,KVBG
Victoria Regional Airport,28.8526001,-96.91850281,KVCT
Vernal Regional Airport,40.436214,-109.511661,KVEL
North Las Vegas Airport,36.209074,-115.193982,KVGT
Visalia Municipal Airport,36.318699,-119.392998,KVIS
Valdosta Regional Airport,30.78249931,-83.27670288,KVLD
Van Nuys Airport,34.209801,-118.489998,KVNY
Volk Field,43.938999,-90.253403,KVOK
Destin-Fort Walton Beach Airport,30.481315,-86.515839,KVPS
Porter County Municipal Airport,41.45399857,-87.00710297,KVPZ
Cecil Airport,30.2187,-81.876701,KVQQ
Vero Beach Regional Airport,27.6556,-80.417901,KVRB
Miller Field,42.856211,-100.549192,KVTN
Lake Country Regional Airport,36.595798,-78.560097,
General William J Fox Airfield,34.7411,-118.219002,KWJF
Winnemucca Municipal Airport,40.89659882,-117.8059998,KWMC
Robins Air Force Base,32.640099,-83.591904,KWRB
Mc Guire Air Force Base,40.0155983,-74.59169769,KWRI
Worland Municipal Airport,43.965698,-107.950996,KWRL
Westerly State Airport,41.349602,-71.803398,KWST
Cape May County Airport,39.00849915,-74.90830231,KWWD
West Woodward Airport,36.438,-99.5226667,KWWR
Kiwayu Airport,-1.960644,41.297156,HKWY
Yellowstone Airport,44.6884,-111.117996,KWYS
Miami Homestead General Aviation Airport,25.499201,-80.554296,
Cape Canaveral SFS Skid Strip,28.4676,-80.566597,KXMR
Northwest Arkansas National Airport,36.281898,-94.306801,KXNA
Homey (Area 51) Airport,37.23500061,-115.810997,
Williston Basin International Airport,48.260863,-103.75116,KXWA
Willow Run Airport,42.2379,-83.530403,KYIP
Yakima Air Terminal McAllister Field,46.56819916,-120.5439987,KYKM
Chan Gurney Municipal Airport,42.91669846,-97.3859024,KYKN
Youngstown Warren Regional Airport,41.26070023,-80.67910004,KYNG
Kurchatov Airfield,50.736074,78.538942,
Zhangiztobe Air Base,49.219952,81.317368,
Dolon Air Base,50.536891,79.194689,
Zanesville Municipal Airport,39.94440079,-81.89209747,KZZV
Bokeo International Airport,20.323986,100.165392,VLBK
Kukës International Airport,42.035802,20.415955,LAKU
Kuçovë Air Base,40.7719,19.901899,LAKV
Tirana International Airport Mother Teresa,41.4147,19.7206,LATI
Burgas Airport,42.569917,27.515173,LBBG
Gorna Oryahovitsa Airport,43.151402,25.7129,LBGO
Plovdiv International Airport,42.067799,24.8508,LBPD
Graf Ignatievo Air Base,42.290401,24.714001,LBPG
Dolna Mitropoliya Air Base,43.451771,24.502423,LBPL
Sofia Airport,42.696357,23.417671,LBSF
Balchik Airfield,43.423801,28.181299,LBWB
Varna Airport,43.232101,27.8251,LBWN
Ercan International Airport,35.153064,33.507352,LCEN
Lefkoniko Airport / Geçitkale Air Base,35.23591,33.720088,LCGK
Larnaca International Airport,34.875099,33.624901,LCLK
Paphos International Airport,34.717999,32.485699,LCPH
RAF Akrotiri,34.590401,32.9879,LCRA
Dubrovnik Ruđer Bošković Airport,42.562247,18.265543,LDDU
Osijek Airport,45.462355,18.811278,LDOS
Pula Airport,44.893501,13.9222,LDPL
Rijeka Airport,45.216376,14.57085,LDRI
Brač Airport,43.284454,16.678362,LDSB
Split Saint Jerome Airport,43.538898,16.298,LDSP
Zagreb Franjo Tuđman International Airport,45.742901,16.0688,LDZA
Zadar Airport,44.096986,15.353565,LDZD
Albacete Airport / Los Llanos Air Base,38.948502,-1.86352,LEAB
Alicante-Elche Miguel Hernández Airport,38.2822,-0.558156,LEAL
Almería Airport,36.843899,-2.3701,LEAM
Asturias Airport,43.563599,-6.03462,LEAS
Córdoba Airport,37.841999,-4.84888,LEBA
Bilbao Airport,43.301102,-2.91061,LEBB
Burgos Airport,42.357601,-3.62076,LEBG
Josep Tarradellas Barcelona-El Prat Airport,41.2971,2.07846,LEBL
Badajoz Airport,38.8913,-6.82133,LEBZ
Castellón-Costa Azahar Airport,40.213889,0.073333,LECH
A Coruña Airport,43.302101,-8.37726,LECO
Madrid-Cuatro Vientos Airport,40.370701,-3.78514,LECU
Lleida-Alguaire Airport,41.728185,0.535023,LEDA
Armilla Air Base,37.133202,-3.63569,
Girona-Costa Brava Airport,41.904639,2.761774,LEGE
F.G.L. Airport Granada-Jaén Airport,37.188702,-3.77736,LEGR
Getafe Air Base,40.294102,-3.72383,LEGT
Ibiza Airport,38.872898,1.37312,LEIB
Jerez Airport,36.744598,-6.06011,LEJR
San Javier Airport,37.775002,-0.812389,LELC
León Airport,42.590709,-5.653406,LELN
Logroño-Agoncillo Airport,42.460953,-2.322235,
Adolfo Suárez Madrid–Barajas Airport,40.493407,-3.572249,LEMD
Málaga-Costa del Sol Airport,36.6749,-4.49911,LEMG
Menorca Airport,39.862598,4.21865,LEMH
Region of Murcia International Airport,37.802852,-1.124884,LEMI
Moron Air Base,37.17490005,-5.615940094,LEMO
Palma de Mallorca Airport,39.551701,2.73881,LEPA
Pamplona Airport,42.77,-1.64633,LEPP
Alcantarilla Air Base,37.951099,-1.23032,
Ciudad Real International Airport,38.856479,-3.969944,LERL
Reus Airport,41.147509,1.168354,LERS
Rota Naval Station Airport,36.64519882,-6.349460125,LERT
Salamanca Airport,40.952099,-5.50199,LESA
San Sebastián Airport,43.356499,-1.79061,LESO
Santiago-Rosalía de Castro Airport,42.896301,-8.41514,LEST
Pirineus - la Seu d'Urgel Airport,42.3386,1.40917,LESU
Teruel Airport,40.410269,-1.217366,LETL
Madrid–Torrejón Airport / Torrejón Air Base,40.487875,-3.456808,LETO
Valencia Airport,39.489162,-0.480961,LEVC
Valladolid Airport,41.7061,-4.85194,LEVD
Vitoria Airport,42.882801,-2.72447,LEVT
Vigo Airport,42.2318,-8.62677,LEVX
Seve Ballesteros-Santander Airport,43.427101,-3.82001,LEXJ
Zaragoza Airport,41.666199,-1.04155,LEZG
Seville Airport,37.417999,-5.89311,LEZL
Calais Marck Airport,50.962101,1.95476,LFAC
Péronne Saint-Quentin Airfield,49.868871,3.029566,LFAG
Le Touquet-Côte d'Opale Airport,50.518284,1.621656,LFAT
Valenciennes-Denain Airfield,50.327823,3.461061,LFAV
Amiens Glisy Airfield,49.873004,2.387074,LFAY
Agen La Garenne airport,44.174171,0.59309,LFBA
Cazaux (BA 120) Air Base,44.533298,-1.125,
Bordeaux–Mérignac Airport,44.82865,-0.715356,LFBD
Bergerac Dordogne-Périgord airport,44.825298,0.518611,LFBE
Toulouse-Francazal (BA 101) Air Base,43.545601,1.3675,
Cognac-Châteaubernard (BA 709) Air Base,45.658298,-0.3175,LFBG
La Rochelle Île de Ré Airport,46.179199,-1.19528,LFBH
Poitiers-Biard Airport,46.5877,0.306666,LFBI
Montluçon-Guéret Airport,46.222599,2.36396,LFBK
Limoges Airport,45.862801,1.17944,LFBL
Mont-de-Marsan (BA 118) Air Base,43.911701,-0.5075,
Niort - Marais Poitevin Airport,46.313477,-0.394529,LFBN
Toulouse-Blagnac Airport,43.629101,1.36382,LFBO
Pau Pyrénées Airport,43.380001,-0.418611,LFBP
Tarbes-Lourdes-Pyrénées Airport,43.178699,-0.006439,LFBT
Angoulême Brie-Champniers airport,45.729198,0.221456,LFBU
Périgueux-Bassillac Airport,45.198101,0.815556,LFBX
Biarritz Pays Basque airport,43.468372,-1.523223,LFBZ
Cahors Lalbenque airport,44.351398,1.47528,LFCC
Aérodrome de Saint-Girons - Antichan,43.007801,1.10315,
Aérodrome d'Arcachon-La Teste-de-Buch,44.596401,-1.11083,
Albi Le Sequestre airport,43.913898,2.11306,LFCI
Castres Mazamet Airport,43.556301,2.28918,LFCK
Rodez–Aveyron Airport,44.407902,2.48267,LFCR
Royan-Médis Airport,45.628101,-0.9725,LFCY
Auch Gers Airfield,43.683606,0.599747,LFDH
Rochefort-Saint-Agnant (BA 721) Airport,45.887798,-0.983056,LFDN
Colmar Houssen airport,48.109901,7.35901,LFGA
Dole Tavaux Airport,47.038955,5.427589,LFGJ
Verdun-Le Rozelier Airfield,49.122398,5.46905,
Aubenas-South Ardèche Airport,44.544367,4.372194,LFHO
Metz-Nancy-Lorraine Airport,48.982101,6.25132,LFJL
Angers Marcé airport,47.560299,-0.312222,LFJR
Bastia-Poretta International airport,42.5527,9.48373,LFKB
Calvi Sainte Catherine Airport,42.530422,8.792984,LFKC
Figari Sud-Corse Airport,41.50185,9.097092,LFKF
Ajaccio Napoléon Bonaparte airport,41.923599,8.80292,LFKJ
Solenzara (BA 126) Air Base,41.9244,9.406,LFKS
Auxerre Branches airport,47.850201,3.49711,LFLA
Chambéry Aix les Bains airport,45.6381,5.88023,LFLB
Clermont-Ferrand Auvergne airport,45.786701,3.16917,LFLC
Bourges airport,47.060158,2.369633,LFLD
Annemasse Airfield,46.192001,6.26839,
Lyon Saint-Exupéry Airport,45.725996,5.090139,LFLL
Mâcon-Charnay Airfield,46.295131,4.795977,
Saint-Yan Airport,46.414019,4.014177,LFLN
Roanne-Renaison Airport,46.053818,3.999023,LFLO
Annecy Meythet airport,45.928947,6.0987,LFLP
Grenoble Alpes Isère Airport,45.3629,5.32937,LFLS
Valence-Chabeuil Airport,44.9216,4.9699,LFLU
Vichy-Charmeil Airport,46.16969,3.403637,LFLV
Aurillac airport,44.891399,2.42194,LFLW
Châteauroux Déols airport,46.860221,1.728326,LFLX
Lyon Bron Airport,45.727947,4.943991,LFLY
Le Luc-Le Cannet Airfield,43.384701,6.38714,
Cannes Mandelieu Airport,43.547998,6.955176,LFMD
Saint-Étienne-Bouthéon Airport,45.5406,4.29639,LFMH
Istres-Le Tubé Air Base,43.522701,4.92384,LFMI
Carcassonne Salvaza Airport,43.216,2.30632,LFMK
Marseille Provence Airport,43.438088,5.2125,LFML
Nice-Côte d'Azur Airport,43.658401,7.21587,LFMN
Orange-Caritat (BA 115) Air Base,44.140499,4.86672,
Perpignan-Rivesaltes (Llabanère) Airport,42.740398,2.87067,LFMP
Le Castellet Airport,43.252499,5.78519,LFMQ
Aérodrome d'Alès Cévennes,44.069698,4.14212,
Montpellier-Méditerranée Airport,43.576199,3.96301,LFMT
Béziers Vias airport,43.323502,3.3539,LFMU
Avignon Caumont airport,43.907299,4.90183,LFMV
Salon-de-Provence (BA 701) Air Base,43.6064,5.10925,
Mende-Brenoux Airfield,44.502102,3.53282,LFNB
Avord (BA 702) Air Base,47.053299,2.6325,
Beauvais-Tillé airport,49.454399,2.11278,LFOB
Châteaudun Airfield,48.057907,1.379309,
Évreux-Fauville (BA 105) Air Base,49.028702,1.21986,LFOE
Le Havre-Octeville Airport,49.534038,0.088406,LFOH
Abbeville-Buigny Baie de Somme Airfield,50.143501,1.831891,LFOI
Orléans-Bricy (BA 123) Air Base,47.987801,1.76056,
Chalons Vatry airport,48.77333,4.20611,LFOK
Rouen Vallée de Seine Airport,49.384887,1.179142,LFOP
Tours Val de Loire Airport,47.432201,0.727606,LFOT
Laval-Entrammes Airport,48.032208,-0.743999,LFOV
Paris-Le Bourget International Airport,48.962276,2.436539,LFPB
Creil Air Base,49.253502,2.51914,LFPC
Charles de Gaulle International Airport,49.00896,2.554117,LFPG
Melun-Villaroche Airfield,48.604698,2.67112,
Toussus-le-Noble Airport,48.7519,2.10619,LFPN
Paris-Orly Airport,48.729499,2.358963,LFPO
Pontoise-Cormeilles Aerodrome,49.096064,2.035543,LFPT
Vélizy-Villacoublay Air Base,48.774406,2.203102,
Troyes-Barberey Airport,48.322102,4.0167,
Lieutenant Étienne Mantoux Air Base,49.226898,5.67222,
Nevers-Fourchambault Airport,47.002913,3.113114,LFQG
Phalsbourg-Bourscheid Air Base,48.766203,7.200551,
Lille Airport,50.566564,3.102429,LFQQ
Merville-Calonne Airport,50.618401,2.64224,LFQT
Charleville-Mézières Ardennes-Etienne Riché Airfield,49.783901,4.64708,LFQV
Vesoul-Frotey Airfield,47.638588,6.204443,
Brest Bretagne airport,48.447899,-4.41854,LFRB
Cherbourg Manche airport,49.650101,-1.47028,LFRC
Dinard Pleurtuit Saint-Malo airport,48.5877,-2.07996,LFRD
La Baule-Escoublac Airport,47.289398,-2.34639,LFRE
Granville Airport,48.883099,-1.56417,LFRF
Deauville Normandie airport,49.365237,0.154481,LFRG
Lorient South Brittany (Bretagne Sud) Airport,47.760601,-3.44,LFRH
La Roche-sur-Yon Les Ajoncs Airport,46.7019,-1.37863,LFRI
Landivisiau Air Base,48.5303,-4.15164,LFRJ
Caen Carpiquet airport,49.17678,-0.454883,LFRK
Lanvéoc-Poulmic Air Base,48.2817,-4.44502,
Le Mans-Arnage Airport,47.948604,0.201702,LFRM
Rennes-Saint-Jacques Airport,48.0695,-1.73479,LFRN
Lannion Airport,48.754398,-3.47166,LFRO
Quimper-Cornouaille Airport,47.973031,-4.169655,LFRQ
Nantes Atlantique Airport,47.153198,-1.61073,LFRS
Saint-Brieuc-Armor Airport,48.538628,-2.853518,LFRT
Morlaix-Ploujean Airport,48.60319901,-3.815779924,LFRU
Vannes-Meucon Airport,47.723301,-2.71856,LFRV
Saint-Nazaire-Montoir Airport,47.31142,-2.152634,LFRZ
EuroAirport Basel–Mulhouse–Freiburg,47.60068,7.521117,LFSB
Dijon Longvic airport,47.268902,5.09,LFSD
Épinal Mirecourt Airport,48.325001,6.06998,LFSG
Saint-Dizier – Robinson Air Base,48.636002,4.89942,
Brive Souillac airport,45.039722,1.485556,LFSL
Montbéliard-Courcelles Airfield,47.487,6.79054,
Nancy-Essey Airport,48.692101,6.23046,LFSN
Nancy-Ochey (BA 133) Air Base,48.583099,5.955,
Strasbourg Airport,48.5383,7.62823,LFST
Luxeuil-Saint-Sauveur (BA 116) Air Base,47.787747,6.353419,
Toulon-Hyères Airport,43.097301,6.14603,LFTH
Nîmes-Arles-Camargue Airport,43.757401,4.41635,LFTW
Saint-Pierre Pointe-Blanche Airport,46.762651,-56.17499,LFVP
Ambérieu Air Base (BA 278),45.987301,5.32844,
Andravida Air Base,37.9207,21.292601,LGAD
Alexandroupoli Democritus Airport,40.8559,25.956301,LGAL
Athens Eleftherios Venizelos International Airport,37.936401,23.9445,LGAV
Nea Anchialos National Airport,39.219601,22.7943,LGBL
Elefsis Air Base,38.063801,23.556,LGEL
Chios Island National Airport,38.34320068,26.1406002,LGHI
Ioannina King Pyrrhus National Airport,39.6964,20.8225,LGIO
Heraklion International Nikos Kazantzakis Airport,35.339699,25.1803,LGIR
Kefallinia Airport,38.12009811,20.50049973,LGKF
Kalamata Airport,37.06829834,22.02549934,LGKL
"Kos International Airport ""Ippokratis""",36.794523,27.09115,LGKO
Karpathos Airport,35.421398,27.146,LGKP
Corfu Ioannis Kapodistrias International Airport,39.60145,19.912179,LGKR
Kavala Alexander the Great International Airport,40.9133,24.6192,LGKV
Kozani National Airport Filippos,40.286098,21.840799,LGKZ
Mykonos Island National Airport,37.435101,25.348101,LGMK
Mytilene International Airport,39.057406,26.598629,LGMT
Aktion National Airport,38.925499,20.765301,LGPZ
"Rhodes International Airport ""Diagoras""",36.405399,28.086201,LGRP
Patras Araxos Agamemnon Airport,38.1511,21.4256,LGRX
Chania International Airport,35.531207,24.150673,LGSA
Skiathos Island National Airport,39.177101,23.5037,LGSK
Samos Airport,37.689999,26.911699,LGSM
Santorini International Airport,36.400045,25.478638,LGSR
Sitia Airport,35.21609879,26.10129929,LGST
Tanagra Air Base,38.339802,23.565001,LGTG
Thessaloniki Macedonia International Airport,40.51928,22.970009,LGTS
Zakynthos International Airport Dionysios Solomos,37.7509,20.8843,LGZA
Budapest Liszt Ferenc International Airport,47.43018,19.262393,LHBP
Debrecen International Airport,47.489469,21.616278,LHDC
Kecskemét Air Base,46.9175,19.749201,LHKE
Pécs-Pogány International Airport,45.988891,18.242044,LHPP
Győr-Pér Airport,47.628436,17.804718,LHPR
Hévíz–Balaton Airport,46.686391,17.159084,LHSM
Szolnok Air Base,47.122897,20.2355,LHSN
Taszár Air Base,46.393101,17.9175,
Tököl Airport,47.345299,18.980801,LHTL
Amendola Air Base,41.538443,15.717181,LIBA
Crotone Sant'Anna Pythagoras Airport,38.9972,17.0802,LIBC
Bari Karol Wojtyła International Airport,41.138901,16.760599,LIBD
Foggia Gino Lisa Airport,41.433596,15.534566,LIBF
Taranto-Grottaglie Marcello Arlotta Airport,40.517502,17.4032,LIBG
Lecce Galatina Air Base / Galatina Fortunato Cesari Airport,40.239201,18.133301,LIBN
Abruzzo Airport,42.431079,14.182981,LIBP
Brindisi Airport,40.6576,17.947001,LIBR
Gioia del Colle Antonio Ramirez Air Base,40.767799,16.9333,LIBV
Lamezia Terme Sant'Eufemia International Airport,38.906214,16.246007,LICA
Comiso Airport,36.99583,14.60889,LICB
Catania-Fontanarossa Airport,37.466801,15.0664,LICC
Lampedusa Airport,35.497898,12.6181,LICD
Pantelleria Airport,36.816502,11.9689,LICG
Falcone–Borsellino Airport,38.175999,13.091,LICJ
Palermo-Boccadifalco Airport,38.115919,13.31337,LICP
Reggio Calabria Airport,38.071201,15.6516,LICR
Vincenzo Florio Airport Trapani-Birgi,37.9114,12.488,LICT
Sigonella Navy Air Base,37.401699,14.9224,LICZ
Trento-Mattarello Airport,46.023333,11.125,LIDT
Alghero-Fertilia Airport,40.632099,8.29077,LIEA
Decimomannu Air Base,39.354198,8.97248,LIED
Cagliari Elmas Airport,39.251499,9.05428,LIEE
Olbia Costa Smeralda Airport,40.898953,9.518457,LIEO
Tortolì Airport,39.9188,9.68298,LIET
Biella-Cerrione Airfield,45.4953,8.10278,
Varese-Venegono Airport,45.742199,8.888233,LILN
Torino-Aeritalia Airport,45.084444,7.603056,LIMA
Milan Malpensa International Airport,45.6306,8.72811,LIMC
Il Caravaggio International Airport,45.669362,9.708851,LIME
Turin Airport,45.200802,7.64963,LIMF
Riviera Villanova d'Albenga International Airport,44.050598,8.12743,LIMG
Genoa Cristoforo Colombo Airport,44.412039,8.840732,LIMJ
Milano Linate Airport,45.445099,9.27674,LIML
Cameri Air Base,45.529598,8.66922,LIMN
Parma Airport,44.826351,10.29705,LIMP
Novi Ligure Eugenio Mossi Airfield,44.779999,8.78639,
Piacenza San Damiano Air Base,44.91442,9.722318,LIMS
Aosta Corrado Gex Airport,45.738552,7.3683,LIMW
Cuneo International Airport,44.547458,7.623045,LIMZ
Aviano Air Base,46.031898,12.596503,LIPA
Bolzano Airport,46.459245,11.326125,LIPB
Cervia Air Base,44.224201,12.3072,LIPC
Bologna Guglielmo Marconi Airport,44.5354,11.2887,LIPE
Treviso Airport,45.648399,12.1944,LIPH
Udine-Rivolto Air Base,45.978699,13.0493,LIPI
Forlì-Luigi Ridolfi International Airport,44.194801,12.0701,LIPK
Ghedi Air Base,45.432551,10.268612,LIPL
Brescia Gabriele d'Annunzio Airport,45.428902,10.3306,LIPO
Trieste Airport,45.827862,13.466672,LIPQ
Federico Fellini International Airport,44.020024,12.612198,LIPR
Istrana Air Base,45.684382,12.086594,LIPS
Padova Gino Allegri Airfield,45.395316,11.847124,LIPU
Verona Villafranca Valerio Catullo Airport,45.394955,10.887303,LIPX
Marche Airport,43.616299,13.3623,LIPY
Venice Marco Polo Airport,45.505299,12.3519,LIPZ
Siena-Ampugnano Airport,43.254942,11.255084,LIQS
Sarzana-Luni Bartolomeo Arrigoni Airport,44.087375,9.987877,LIQW
Ciampino–G. B. Pastine International Airport,41.798769,12.595331,LIRA
Pratica di Mare Air Base,41.654499,12.4452,LIRE
Rome–Fiumicino Leonardo da Vinci International Airport,41.804532,12.251998,LIRF
Guidonia Air Base,41.990299,12.7408,LIRG
Salerno Costa d'Amalfi Airport,40.620399,14.9113,LIRI
Marina di Campo Airport,42.760871,10.239811,LIRJ
Latina Air Base,41.5424,12.909,LIRL
Grazzanise Air Base,41.060799,14.0819,LIRM
Naples International Airport,40.886002,14.2908,LIRN
Pisa International Airport,43.683899,10.3927,LIRP
"Florence Airport, Peretola",43.808558,11.202822,LIRQ
Grosseto Corrado Baccarini Air Base / Grosseto Airport,42.759701,11.0719,LIRS
Rome Urbe Airport,41.952096,12.502231,LIRU
Viterbo Airport,42.435297,12.061362,LIRV
Perugia San Francesco d'Assisi – Umbria International Airport,43.095901,12.5132,LIRZ
Cerklje ob Krki Air Base,45.900002,15.5302,
Ljubljana Jože Pučnik Airport,46.223701,14.4576,LJLJ
Maribor Edvard Rusjan Airport,46.4799,15.6861,LJMB
Portorož Airport,45.47201,13.615951,LJPZ
České Budějovice South Bohemian Airport,48.948171,14.42832,LKCS
Čáslav Air Base,49.939701,15.3818,LKCV
Prague–Kbely Air Base,50.121399,14.5436,LKKB
Kunovice Airport,49.0294,17.439699,LKKU
Karlovy Vary Airport,50.202999,12.915,LKKV
Plzeň-Líně Airport,49.675201,13.2746,LKLN
Leoš Janáček Airport Ostrava,49.696301,18.111099,LKMT
Náměšť Air Base,49.166272,16.123981,LKNA
Pardubice Airport,50.015049,15.73981,LKPD
Přerov Air Base,49.4258,17.404699,LKPO
Václav Havel Airport Prague,50.100874,14.259911,LKPR
Brno-Tuřany Airport,49.151276,16.693972,LKTB
Vodochody Airport,50.216599,14.3958,LKVO
Ben Gurion International Airport,32.011398,34.8867,LLBG
Tel Nof Air Base,31.8395,34.8218,LLEK
Ramon International Airport,29.727009,35.014116,LLER
Uri Michaeli Haifa International Airport,32.810219,35.043719,LLHA
Rosh Pina Airport,32.980999,35.571899,LLIB
Bar Yehuda Airfield,31.328199,35.388599,LLMZ
Nevatim Air Base,31.20829964,35.01229858,LLNV
Ramat David Air Base,32.6651,35.179501,LLRD
Ramon Air Base,30.7761,34.666698,LLRM
Malta International Airport,35.845932,14.491546,LMML
Wiener Neustadt East Airport,47.8433,16.260099,LOAN
Graz Airport,46.9911,15.4396,LOWG
Innsbruck Airport,47.260201,11.344,LOWI
Klagenfurt Airport,46.642502,14.3377,LOWK
Linz-Hörsching Airport,48.235362,14.188128,LOWL
Salzburg Airport,47.793301,13.0043,LOWS
Vienna International Airport,48.110298,16.5697,LOWW
Wiener Neustadt West Airport,47.836933,16.221838,LOXN
Hinterstoisser Air Base,47.202801,14.7442,LOXZ
Alverca Air Base,38.883301,-9.0301,LPAR
Santa Maria Airport,36.97140121,-25.17060089,LPAZ
Bragança Airport,41.8578,-6.70713,LPBG
Beja Airport / Airbase,38.078899,-7.9324,LPBJ
Braga Municipal Aerodrome,41.587,-8.445189,LPBR
Aerodromo de Castelo Branco,39.844528,-7.439875,LPCB
Aerodromo Municipal de Coimbra,40.158758,-8.470815,LPCO
Cascais Airport,38.724998,-9.35523,LPCS
Évora Airfield,38.533501,-7.88964,
Flores Airport,39.45529938,-31.13139915,LPFL
Faro - Gago Coutinho International Airport,37.015909,-7.970939,LPFR
Graciosa Airport,39.09220123,-28.02980042,LPGR
Horta Airport,38.51990128,-28.71590042,LPHR
Lajes Airport,38.761799,-27.090799,LPLA
Cristiano Ronaldo International Airport,32.697812,-16.774613,LPMA
Monte Real Air Base,39.828335,-8.8875,LPMR
Montijo Air Base,38.70929,-9.03368,
Ovar Air Base,40.915901,-8.64592,
João Paulo II Airport,37.74119949,-25.69790077,LPPD
Pico Airport,38.554298,-28.441299,LPPI
Portimão Airport,37.1493,-8.58396,LPPM
Francisco de Sá Carneiro Airport,41.24810028,-8.681389809,LPPR
Porto Santo Airport,33.07339859,-16.35000038,LPPS
Lisbon Humberto Delgado Airport,38.7813,-9.13592,LPPT
São Jorge Airport,38.665501,-28.1758,LPSJ
Aeródromo Municipal de Ponte de Sor,39.211545,-8.057787,LPSO
Sintra Air Base,38.8311,-9.33955,
Tancos Airbase,39.475101,-8.36458,
Vilar de Luz Airfield,41.27729,-8.516209,LPVL
Vila Real Airport,41.2743,-7.72047,LPVR
Aerodromo Goncalves Lobato (Viseu Airport),40.725498,-7.88899,LPVZ
Banja Luka International Airport,44.941399,17.297501,LQBK
Mostar International Airport,43.282489,17.846101,LQMO
Sarajevo International Airport,43.8246,18.331499,LQSA
Tuzla International Airport,44.459858,18.723627,LQTZ
Feteşti Borcea Air Base,44.3923,27.7267,LRFT
Boboc Air Base,45.2164,26.9786,LRBO
Arad International Airport,46.176136,21.264322,LRAR
Bacău George Enescu International  Airport,46.5219,26.910299,LRBC
Maramureș International Airport,47.658444,23.464445,LRBM
Bucharest Băneasa Aurel Vlaicu International Airport,44.503133,26.102944,LRBS
Brașov-Ghimbav International Airport,45.70558,25.522871,LRBV
Mihail Kogălniceanu International Airport,44.362202,28.4883,LRCK
Avram Iancu Cluj International Airport,46.786042,23.685733,LRCL
Caransebeş Airport,45.420142,22.252507,LRCS
Câmpia Turzii Air Base,46.5023,23.8859,LRCT
Craiova International Airport,44.3181,23.888599,LRCV
Iaşi International Airport,47.179633,27.621431,LRIA
Oradea International Airport,47.025299,21.9025,LROD
Bucharest Henri Coandă International Airport,44.571792,26.103285,LROP
Sibiu International Airport,45.785841,24.086666,LRSB
Satu Mare International Airport,47.7033,22.8857,LRSM
Suceava Ștefan cel Mare International Airport,47.6875,26.354099,LRSV
Tulcea Danube Delta Airport,45.0625,28.7143,LRTC
Târgu Mureş Transilvania International Airport,46.467701,24.4125,LRTM
Timișoara Traian Vuia International Airport,45.809898,21.3379,LRTR
Les Eplatures Airport,47.08390045,6.792840004,LSGC
Geneva International Airport,46.238098,6.10895,LSGG
Sion Airport,46.219166,7.326944,LSGS
Alpnach Air Base,46.943901,8.28417,LSMA
Dübendorf Air Base,47.398602,8.64823,LSMD
Emmen Air Base,47.092444,8.305184,LSME
Payerne Air Base,46.8432,6.91506,LSMP
Lugano Airport,46.004299,8.91058,LSZA
Bern Airport,46.912736,7.498819,LSZB
Grenchen Airfield,47.181599,7.41719,LSZG
Zürich Airport,47.458056,8.548056,LSZH
Sankt Gallen Altenrhein Airport,47.485001,9.56077,LSZR
Engadin Airport,46.5341,9.88411,LSZS
Esenboğa International Airport,40.128101,32.995098,LTAC
Etimesgut Air Base,39.94979858,32.68859863,LTAD
Akıncı Air Base,40.078899,32.565601,LTAE
Adana Şakirpaşa Airport,36.982201,35.280399,LTAF
İncirlik Air Base,37.002102,35.4259,LTAG
Afyon Air Base,38.726398,30.601101,LTAH
Antalya International Airport,36.898701,30.800501,LTAI
Gaziantep Oğuzeli International Airport,36.947201,37.478699,LTAJ
Kastamonu Airport,41.314201,33.795799,LTAL
Konya Airport,37.979,32.561901,LTAN
Zonguldak Çaycuma Airport,41.506401,32.0886,LTAS
Malatya Erhaç Airport,38.43529892,38.0909996,LTAT
Kayseri Erkilet International Airport,38.770401,35.495399,LTAU
Sivrihisar Airport,39.4515,31.365299,LTAV
Tokat Airport,40.32472,36.39056,LTAW
Çardak Airport,37.78559875,29.70129967,LTAY
Nevşehir Kapadokya Airport,38.7719,34.5345,LTAZ
İstanbul Atatürk Airport,40.971913,28.823714,LTBA
Balıkesir Airport,39.619301,27.926001,LTBF
Bandırma Airport,40.318001,27.977699,LTBG
Çanakkale Airport,40.13769913,26.42679977,LTBH
Eskişehir Air Base,39.7841,30.5821,LTBI
Adnan Menderes International Airport,38.2924,27.157,LTBJ
Çiğli Airbase,38.513,27.010099,
Kütahya Airport,39.426701,30.016899,LTBN
Uşak Airport,38.681499,29.471701,LTBO
Cengiz Topel Airport,40.735001,30.0833,LTBQ
Bursa Yenişehir Airport,40.255199,29.562599,LTBR
Dalaman International Airport,36.7131,28.7925,LTBS
Akhisar Airport / Akhisar Air Base,38.808899,27.8339,LTBT
Tekirdağ Çorlu Airport,41.138199,27.9191,LTBU
İstanbul Samandıra Army Air Base,40.993,29.216499,
Hasan Polatkan Airport,39.811644,30.519268,LTBY
Elazığ Airport,38.597974,39.28348,LTCA
Ordu–Giresun Airport,40.966872,38.085995,LTCB
Diyarbakır Airport,37.893902,40.201,LTCC
Erzincan Airport,39.71020126,39.52700043,LTCD
Erzurum International Airport,39.956501,41.1702,LTCE
Kars Airport,40.56219864,43.11500168,LTCF
Trabzon International Airport,40.995098,39.7897,LTCG
Van Ferit Melen Airport,38.46820068,43.33229828,LTCI
Batman Airport,37.929001,41.1166,LTCJ
Muş Airport,38.74779892,41.66120148,LTCK
Siirt Airport,37.97890091,41.8404007,LTCL
Sinop Airport,42.018313,35.071774,LTCM
Kahramanmaraş Airport,37.53882599,36.95352173,LTCN
Ağrı Airport,39.655642,43.025742,LTCO
Adıyaman Airport,37.7314,38.468899,LTCP
Mardin Airport,37.22330093,40.63169861,LTCR
Şanlıurfa GAP Airport,37.445663,38.895592,LTCS
Iğdır Airport,39.976627,43.876648,LTCT
Şırnak Şerafettin Elçi Airport,37.3647,42.0582,LTCV
Hakkari Yüksekova Airport,37.5497,44.2381,LTCW
Hatay Airport,36.36079,36.285589,LTDA
Çukurova International Airport,36.891478,35.071235,LTDB
Süleyman Demirel International Airport,37.8554,30.368401,LTFC
Balıkesir Koca Seyit Airport,39.552533,27.010192,LTFD
Milas Bodrum International Airport,37.249314,27.66401,LTFE
Gazipaşa-Alanya Airport,36.298832,32.297017,LTFG
Samsun-Çarşamba Airport,41.253988,36.567546,LTFH
Istanbul Sabiha Gökçen International Airport,40.898602,29.3092,LTFJ
İstanbul Airport,41.274874,28.732136,LTFM
Rize–Artvin Airport,41.179766,40.848802,LTFO
Bălți-Leadoveni International Airport,47.837666,27.781108,LUBL
Mărculești Air Base,47.862701,28.212799,LUBM
Cahul International Airport,45.8438,28.2637,LUCH
Chişinău International Airport,46.92774,28.931704,LUKK
Tiraspol Airfield,46.868099,29.590599,LUTR
Ohrid St. Paul the Apostle Airport,41.18,20.7423,LWOH
Skopje International Airport,41.958087,21.622581,LWSK
Gibraltar Airport,36.151679,-5.34978,LXGB
Brak Airport,27.653,14.272,
Belgrade Nikola Tesla Airport,44.818401,20.309099,LYBE
Batajnica Air Base,44.935299,20.2575,LYBT
Morava Airport,43.817519,20.586662,LYKV
Niš Constantine the Great Airport,43.336538,21.856242,LYNI
Podgorica Airport / Podgorica Golubovci Airbase,42.359402,19.2519,LYPG
Tivat Airport,42.404701,18.723301,LYTV
Ponikve Airport,43.898899,19.697701,LYUZ
Langzhong Gucheng Airport,31.50191,106.034417,ZULA
M. R. Štefánik Airport,48.1702,17.2127,LZIB
Košice International Airport,48.663101,21.2411,LZKZ
Malacky/Kuchyňa Air Base,48.402,17.118401,LZMC
Piešťany Airport,48.62519836,17.82839966,LZPP
Sliač Airport,48.63779831,19.13409996,LZSL
Poprad-Tatry Airport,49.070994,20.241394,LZTT
Žilina-Dolný Hričov Airport,49.233292,18.613386,LZZI
Mahbes Airbase,27.726982,-9.237865,
JAGS McCartney International Airport,21.4445,-71.142303,MBGT
North Caicos Airport,21.916094,-71.942954,MBNC
Providenciales International Airport,21.773697,-72.268321,MBPV
South Caicos Airport,21.515699,-71.528503,MBSC
Maria Montez International Airport,18.25149918,-71.12039948,MDBH
Cabo Rojo Airport,17.92900085,-71.64479828,MDCR
Samaná El Catey International Airport,19.269259,-69.737405,MDCY
La Isabela International Airport,18.57250023,-69.98560333,MDJB
Casa De Campo International Airport,18.452222,-68.911111,MDLR
Punta Cana International Airport,18.567093,-68.364558,MDPC
Gregorio Luperon International Airport,19.7579,-70.57,MDPP
Las Américas International Airport,18.42970085,-69.66889954,MDSD
San Isidro Air Base,18.50370026,-69.76170349,
Cibao International Airport,19.40406,-70.604431,MDST
Coban Airport,15.469,-90.4067,MGCB
La Aurora International Airport,14.582896,-90.527515,MGGT
Puerto Barrios Airport,15.7309,-88.583801,MGPB
Rubelsanto Airport,15.992,-90.445297,MGRB
Retalhuleu Airport,14.521431,-91.697001,MGRT
San José Airport,13.9362,-90.8358,MGSJ
Mundo Maya International Airport,16.913707,-89.866143,
Golosón International Airport,15.7425,-86.852997,MHLC
Ramón Villeda Morales International Airport,15.4526,-87.923599,MHLM
La Laguna Airport,16.4454,-85.906601,MHNJ
Juan Manuel Gálvez International Airport,16.316799,-86.523003,MHRO
Palmerola International Airport,14.3824,-87.621201,MHPR
Tela Airport,15.7759,-87.4758,MHTE
Toncontín Airport,14.0609,-87.217201,MHTG
Trujillo Airport,15.926599,-85.938573,MHTJ
Ian Fleming International Airport,18.404079,-76.969754,MKBS
Norman Manley International Airport,17.93569946,-76.78749847,MKJP
Sangster International Airport,18.50342,-77.91323,MKJS
Ken Jones Airport,18.19879913,-76.53450012,MKKJ
Tinson Pen Airport,17.98859978,-76.82379913,MKTP
General Juan N. Álvarez International Airport,16.757126,-99.753113,MMAA
Del Norte International Airport,25.865601,-100.237,MMAN
Aguascalientes International Airport,21.699589,-102.318372,MMAS
Bahías de Huatulco International Airport,15.775437,-96.260456,MMBT
General Mariano Matamoros International Airport,18.833922,-99.261818,MMCB
Ciudad Acuña International Airport,29.333662,-101.100555,MMCC
Ciudad del Carmen International Airport,18.651516,-91.799355,MMCE
Bachigualato Federal International Airport,24.76504,-107.475228,MMCL
Chetumal International Airport,18.504985,-88.328018,MMCM
Ciudad Obregón International Airport,27.39259911,-109.8330002,MMCN
Ingeniero Alberto Acuña Ongay International Airport,19.815969,-90.500125,MMCP
Abraham González International Airport,31.636673,-106.428533,MMCS
General Roberto Fierro Villalobos International Airport,28.702649,-105.963764,MMCU
General Pedro Jose Mendez International Airport,23.7033,-98.956497,MMCV
Captain Rogelio Castillo National Airport,20.545998,-100.886539,MMCY
Cozumel International Airport,20.514922,-86.928538,MMCZ
General Guadalupe Victoria International Airport,24.125468,-104.527938,MMDO
Amado Nervo National Airport,21.419833,-104.842472,MMEP
Ensenada International Airport / El Ciprés Air Base,31.794516,-116.602384,MMES
Guadalajara International Airport,20.523342,-103.310108,MMGL
General José María Yáñez International Airport,27.96899986,-110.9250031,MMGM
General Ignacio L. Pesqueira International Airport,29.092811,-111.053015,MMHO
Licenciado Miguel de la Madrid International Airport,19.277,-103.577002,MMIA
Plan de Guadalupe International Airport,25.53786,-100.928346,MMIO
General Antonio Cárdenas Rodríguez National Airport / Ixtepec Air Base,16.445961,-95.093708,MMIT
El Lencero Airport,19.475107,-96.797008,MMJA
Lázaro Cárdenas Airport,18.001672,-102.220316,MMLC
Valle del Fuerte International Airport,25.685503,-109.081159,MMLM
Guanajuato International Airport,20.992695,-101.480284,MMLO
Manuel Márquez de León International Airport,24.072331,-110.362662,MMLP
Loreto International Airport,25.989549,-111.348408,MMLT
General Servando Canales International Airport,25.76989937,-97.52529907,MMMA
Manuel Crescencio Rejón International Airport,20.930485,-89.645462,MMMD
General Rodolfo Sánchez Taboada International Airport,32.630629,-115.242805,MMML
General Francisco J. Mujica International Airport,19.849899,-101.025002,MMMM
Minatitlán/Coatzacoalcos International Airport,18.103399,-94.580704,MMMT
Monclova International Airport,26.9557,-101.470001,MMMV
Mexico City Benito Juárez International Airport,19.435822,-99.07033,MMMX
Monterrey International Airport,25.778521,-100.106989,MMMY
General Rafael Buelna International Airport,23.162823,-106.264517,MMMZ
Nogales International Airport,31.225756,-110.976934,MMNG
Quetzalcóatl International Airport,27.443899,-99.570503,MMNL
Xoxocotlán International Airport,16.998773,-96.726092,MMOX
El Tajín National Airport,20.60269928,-97.46080017,MMPA
Hermanos Serdán International Airport,19.158465,-98.371582,MMPB
Piedras Negras International Airport,28.627873,-100.53524,MMPG
Uruapan - Licenciado y General Ignacio Lopez Rayon International Airport,19.3967,-102.039001,MMPN
Puerto Vallarta International Airport,20.679913,-105.254391,MMPR
Puerto Escondido International Airport,15.876808,-97.0891,MMPS
Querétaro Intercontinental Airport,20.618779,-100.186449,MMQT
General Lucio Blanco International Airport,26.0089,-98.2285,MMRX
Los Cabos International Airport,23.151919,-109.720731,MMSD
Cabo San Lucas International Airport,22.949072,-109.939479,MMSL
Felipe Ángeles International Airport,19.743824,-99.01507,MMSM
Ponciano Arriaga International Airport,22.262026,-100.935692,MMSP
Terán Air Base,16.739901,-93.173301,MMTB
Francisco Sarabia Tinoco International Airport,25.562265,-103.404608,MMTC
Angel Albino Corzo International Airport,16.561611,-93.025731,MMTG
General Abelardo L. Rodriguez International Airport,32.541043,-116.969976,MMTJ
Felipe Carrillo Puerto International Airport Tulum,20.172098,-87.660272,MMTL
General Francisco Javier Mina International Airport,22.292622,-97.867058,MMTM
Adolfo López Mateos International Airport,19.3369,-99.56583,MMTO
Tapachula International Airport,14.794549,-92.369871,MMTP
Cancún International Airport,21.040817,-86.87347,MMUN
Carlos Rovirosa Pérez International Airport,17.994283,-92.818199,MMVA
General Heriberto Jara International Airport,19.139589,-96.188602,MMVR
General Leobardo C. Ruiz International Airport,22.894942,-102.687154,MMZC
Ixtapa-Zihuatanejo International Airport,17.601771,-101.460629,MMZH
Playa de Oro International Airport,19.1448,-104.558998,MMZO
Shine Bulagin Hural Air Base,45.9467,109.1233,
Bluefields Airport,11.991,-83.774101,MNBL
Augusto C. Sandino (Managua) International Airport,12.1415,-86.168198,MNMG
Puerto Cabezas Airport,14.0472002,-83.38670349,MNPC
"Bocas del Toro ""Isla Colón"" International Airport",9.34085,-82.250801,MPBO
Alonso Valderrama Airport,7.98784,-80.409837,MPCE
Changuinola Captain Manuel Niño International Airport,9.458962,-82.515062,MPCH
Enrique Malek International Airport,8.388983,-82.436425,MPDA
Enrique Adolfo Jimenez Airport,9.35664,-79.867401,MPEJ
Marcos A. Gelabert International Airport,8.97334,-79.555603,MPMG
Ruben Cantu Airport,8.085599899,-80.94529724,MPSA
Tocumen International Airport,9.07136,-79.383499,MPTO
La Fortuna Arenal Airport,10.469311,-84.579073,MRAN
Aerotortuguero Airport,10.42,-83.6095,
Buenos Aires Airport,9.163949,-83.330171,MRBA
Barra del Colorado Airport,10.7687,-83.585602,MRBC
Coto 47 Airport,8.60156,-82.968754,MRCC
Golfito Airport,8.65401,-83.182198,MRGF
Guapiles Airport,10.21720028,-83.79699707,MRGP
Daniel Oduber Quirós International Airport,10.5933,-85.544403,MRLB
Los Chiles Airport,11.0353,-84.7061,MRLC
Limón International Airport,9.95796,-83.022003,MRLM
Nosara Airport,9.976490021,-85.65299988,MRNS
Juan Santamaría International Airport,9.99386,-84.208801,MROC
Puerto Jimenez Airport,8.533329964,-83.30000305,MRPJ
Palmar Sur Airport,8.95103,-83.468597,MRPM
Tobías Bolaños International Airport,9.95705,-84.139801,MRPV
Quepos Managua Airport,9.44316,-84.129799,MRQP
Upala Airport,10.8922,-85.016197,MRUP
El Salvador International Airport Saint Óscar Arnulfo Romero y Galdámez,13.44447,-89.055784,MSLP
Ilopango International Airport,13.6995,-89.119904,MSSS
Antoine-Simon International Airport,18.271099,-73.7883,MTCA
Cap Haitien International Airport,19.725547,-72.20071,MTCH
Jacmel Airport,18.2411,-72.518501,MTJA
Jérémie Airport,18.663099,-74.170303,MTJE
Toussaint Louverture International Airport,18.580023,-72.292596,MTPP
Port-de-Paix Airport,19.934045,-72.84801,MTPX
IAF Agalega,-10.372483,56.603537,
Gustavo Rizo Airport,20.36529922,-74.5062027,MUBA
Carlos Manuel de Cespedes Airport,20.3964,-76.621399,MUBY
Máximo Gómez Airport,22.0271,-78.789597,MUCA
Jardines Del Rey Airport,22.46100044,-78.32839966,MUCC
Jaime Gonzalez Airport,22.14999962,-80.41419983,MUCF
Vilo Acuña International Airport,21.61650085,-81.54599762,MUCL
Ignacio Agramonte International Airport,21.419909,-77.848039,MUCM
Antonio Maceo International Airport,19.97474,-75.835504,MUCU
Leeward Point Field,19.9065,-75.2071,MUGM
Mariana Grajales Airport,20.0853,-75.158302,MUGT
José Martí International Airport,22.98920059,-82.40910339,MUHA
Frank Pais International Airport,20.785148,-76.315526,MUHG
Kawama Airport,23.124001,-81.301598,MUKW
Orestes Acosta Airport,20.65390015,-74.92220306,MUMO
Sierra Maestra International Airport,20.288605,-77.087545,MUMZ
San Nicolás de Bari Airport,22.756514,-81.920743,
Rafael Cabrera Airport,21.83469963,-82.78379822,MUNG
Playa Baracoa Airport,23.032801,-82.579399,MUPB
Abel Santamaria International Airport,22.492215,-79.943119,MUSC
San Julián Air Base,22.100525,-84.157376,MUSJ
Siguanea Airport,21.6425,-82.955101,MUSN
Alberto Delgado Airport,21.7883,-79.9972,MUTD
Juan Gualberto Gomez International Airport,23.034401,-81.435303,MUVR
Hermanos Ameijeiras Airport,20.9876,-76.935799,MUVT
Charles Kirkconnell International Airport,19.687,-79.882797,MWCB
Edward Bodden Little Cayman Airfield,19.660161,-80.088826,MWCL
Owen Roberts International Airport,19.292801,-81.357697,MWCR
Creel International Airport / Barrancas del Cobre Regional Airport,27.725133,-107.652015,
Base N°1 de la Fuerza Aérea Mexicana (General Alfredo Lezama Álvarez),19.735231,-98.988153,
Clarence A. Bain Airport,24.287701,-77.684601,MYAB
Andros Town Airport,24.697901,-77.795601,MYAF
Congo Town Airport,24.158701,-77.589798,MYAK
Leonard M. Thompson International Airport,26.510711,-77.084262,MYAM
San Andros Airport,25.05380058,-78.0490036,MYAN
Spring Point Airport,22.441799,-73.970901,MYAP
Treasure Cay Airport,26.74530029,-77.39129639,MYAT
Chub Cay Airport,25.417101,-77.880898,MYBC
Great Harbour Cay Airport,25.7383,-77.840103,MYBG
South Bimini Airport,25.69989967,-79.26470184,MYBS
Arthur's Town Airport,24.6294,-75.673797,MYCA
New Bight Airport,24.3153,-75.452301,MYCB
Colonel Hill Airport,22.7456,-74.182404,MYCI
Exuma International Airport,23.562599,-75.877998,MYEF
North Eleuthera Airport,25.475823,-76.680784,MYEH
Governor's Harbour Airport,25.2847,-76.331001,MYEM
Normans Cay Airport,24.594299,-76.820198,MYEN
Rock Sound International Airport,24.89165,-76.177602,MYER
Staniel Cay Airport,24.1691,-76.439102,MYES
Grand Bahama International Airport,26.557996,-78.695583,MYGF
Inagua Airport,20.975,-73.666901,MYIG
Deadman's Cay Airport,23.17900085,-75.09359741,MYLD
Hard Bargain Airport,23.009934,-74.904851,
Stella Maris Airport,23.582317,-75.268621,MYLS
Mayaguana Airport,22.379499,-73.013494,MYMM
Lynden Pindling International Airport,25.039,-77.466202,MYNN
Duncan Town Airport,22.181801,-75.7295,MYRD
San Salvador International Airport,24.063041,-74.523233,MYSM
Philip S. W. Goldson International Airport,17.539951,-88.303556,MZBZ
Placencia Airport,16.536957,-88.361511,MZPL
Rarotonga International Airport,-21.2027,-159.806,NCRG
Niger Air Base 201,16.95575,8.01861,
Nadi International Airport,-17.761822,177.437843,NFFN
Nausori International Airport,-18.044226,178.561486,NFNA
Labasa Airport,-16.4667,179.339996,NFNL
Fua'amotu International Airport,-21.241438,-175.149164,NFTF
Lifuka Island Airport,-19.77700043,-174.3410034,NFTL
Vava'u International Airport,-18.5853,-173.962006,NFTV
Port Harcourt City Airport / Port Harcourt Air Force Base,4.846111,7.021389,DNPM
Sir Ahmadu Bello International Airport,12.479048,4.369132,DNBK
Funafuti International Airport,-8.523885,179.196976,NGFU
Bonriki International Airport,1.38164,173.147003,NGTA
Tabiteuea North Airport,-1.22447,174.776001,NGTE
Niue International Airport,-19.080109,-169.923493,NIUE
Ninglang Luguhu Airport,27.5403,100.7593,ZPNL
Hihifo Airport,-13.239445,-176.19865,NLWW
Pokhara International Airport,28.1838,84.0147,
Faleolo International Airport,-13.83,-172.007996,NSFA
Pago Pago International Airport,-14.331,-170.710007,NSTU
Fa'a'ā International Airport,-17.553472,-149.606936,NTAA
Rurutu Airport,-22.4340992,-151.3609924,NTAR
Tubuai Airport,-23.36540031,-149.5240021,NTAT
Anaa Airport,-17.3526,-145.509995,NTGA
Fangatau Airport,-15.820044,-140.888071,NTGB
Tikehau Airport,-15.1196,-148.231003,NTGC
Reao Airport,-18.46652,-136.43855,NTGE
Fakarava Airport,-16.05410004,-145.6569977,NTGF
Manihi Airport,-14.4368,-146.0700073,NTGI
Totegegie Airport,-23.07990074,-134.8899994,NTGJ
Kaukura Airport,-15.6633,-146.884995,NTGK
Makemo Airport,-16.5839,-143.658005,NTGM
Takapoto Airport,-14.70950031,-145.2460022,NTGT
Arutua Airport,-15.2482996,-146.6170044,NTGU
Mataiva Airport,-14.86810017,-148.7169952,NTGV
Ahe Airport,-14.42809963,-146.2570038,NTHE
Takaroa Airport,-14.45580006,-145.0249939,NTKR
Nuku Hiva Airport,-8.7956,-140.229004,NTMD
Hiva Oa-Atuona Airport,-9.768790245,-139.0110016,NTMN
Bora Bora Airport,-16.44440079,-151.7510071,NTTB
Rangiroa Airport,-14.95429993,-147.6609955,NTTG
Huahine-Fare Airport,-16.687084,-151.021593,NTTH
Moorea Temae Airport,-17.48979,-149.761777,NTTM
Hao Airport,-18.0748,-140.945999,NTTO
Maupiti Airport,-16.42650032,-152.2440033,NTTP
Raiatea Airport,-16.7229,-151.466003,NTTR
Gaua Island Airport,-14.2181,167.587006,NVSQ
Santo Pekoa International Airport,-15.50500011,167.2200012,NVSS
Bauerfield International Airport,-17.699301,168.320007,NVVV
Whitegrass Airport,-19.455099,169.223999,NVVW
Tiga Airport,-21.096407,167.80379,NWWA
Koné Airport,-21.053551,164.838768,NWWD
Île des Pins Airport,-22.5889,167.455994,NWWE
Lifou Airport,-20.774563,167.239328,NWWL
Nouméa Magenta Airport,-22.257706,166.472822,NWWM
Maré Airport,-21.482438,168.038465,NWWR
Touho Airport,-20.790127,165.259524,NWWU
Ouvéa Airport,-20.640932,166.573024,NWWV
La Tontouta International Airport,-22.014601,166.212997,NWWW
Auckland International Airport,-37.01199,174.786331,NZAA
Taupo Airport,-38.73970032,176.0839996,NZAP
Ardmore Airport,-37.02970123,174.9730072,NZAR
Christchurch International Airport,-43.489029,172.532065,NZCH
Inia William Tuuta Memorial Airport,-43.81189,-176.46514,NZCI
Dunedin International Airport,-45.929017,170.197758,NZDN
Gisborne Airport,-38.6633,177.977997,NZGS
Glentanner Airport,-43.90670013,170.128006,NZGT
Hokitika Airfield,-42.71360016,170.9850006,NZHK
Hamilton International Airport,-37.866961,175.331952,NZHN
Kerikeri Airport,-35.259148,173.913317,NZKK
Kaitaia Airport,-35.069837,173.287053,NZKT
Alexandra Aerodrome,-45.210495,169.371113,NZLX
Mount Cook Airport,-43.764999,170.132996,NZMC
Manapouri Airport,-45.5331,167.649994,NZMO
Hood Airport,-40.974634,175.63454,NZMS
New Plymouth Airport,-39.00859833,174.1790009,NZNP
Hawke's Bay Airport,-39.465801,176.869995,NZNR
Nelson Airport,-41.298302,173.220993,NZNS
Invercargill Airport,-46.41239929,168.3130035,NZNV
RNZAF Base Ohakea,-40.20600128,175.3880005,NZOH
Oamaru Airport,-44.970001,171.082001,NZOU
Palmerston North Airport,-40.320599,175.617004,NZPM
Paraparaumu Airport,-40.90470123,174.9889984,NZPP
Queenstown Airport,-45.019205,168.746379,NZQN
Rotorua Regional Airport,-38.1092,176.317001,NZRO
Amundsen–Scott South Pole Station Airport,-90,-1,NZSP
Tauranga Airport,-37.6719017,176.1959991,NZTG
Timaru Airport,-44.30279922,171.2250061,NZTU
Pukaki Airport,-44.23500061,170.1179962,NZUK
Woodbourne Airport,-41.5182991,173.8699951,NZWB
Williams Field Skiway,-77.867401,167.057007,
Wanaka Airport,-44.722091,169.246287,NZWF
Whakatāne Airport,-37.922224,176.91696,NZWK
Wellington International Airport,-41.326839,174.806862,NZWN
Wairoa Airport,-39.011862,177.404401,NZWO
RNZAF Base Auckland-Whenuapai,-36.7878,174.630005,NZWP
Whangarei Airport,-35.769253,174.363713,NZWR
Westport Airport,-41.737111,171.579033,NZWS
Wanganui Airport,-39.963467,175.02444,NZWU
Herat - Khwaja Abdullah Ansari International Airport,34.209999,62.228298,OAHR
Bagram Airfield,34.946098,69.264999,OAIX
Jalalabad Airport,34.399799,70.498596,OAJL
Kabul International Airport,34.565899,69.212303,OAKB
Ahmad Shah Baba International Airport,31.505769,65.847963,OAKN
Khost International Airport,33.284605,69.80734,OAKS
Maymana Zahiraddin Faryabi Airport,35.930801,64.760902,OAMN
Mazar-i-Sharif International Airport,36.70412,67.210459,OAMS
Kunduz Airport,36.6651,68.910797,OAUZ
Bahrain International Airport,26.267295,50.63764,OBBI
Sheik Isa Air Base,25.9184,50.590599,OBBS
Corisco International Airport,0.910937,9.33027,
Mecca East Airport,21.4375,39.994202,
Aradah Airport,21.226999,55.2673,OEAD
Abha International Airport,18.2404,42.656601,OEAB
Al-Ahsa International Airport,25.285299,49.485199,OEAH
Al-Ula International Airport,26.483634,38.117048,OEAO
King Saud Bin Abdulaziz (Al Baha) Airport,20.298506,41.636153,OEBA
Bisha Airport,19.9844,42.620899,OEBH
King Fahd International Airport,26.4691,49.798209,OEDF
Dawadmi Domestic Airport,24.4499,44.121201,OEDM
King Abdulaziz Air Base,26.2654,50.152,OEDR
Jizan Regional Airport / King Abdullah bin Abdulaziz Airport,16.9011,42.5858,OEGN
Prince Naif bin Abdulaziz International Airport,26.302799,43.774399,OEGS
Gurayat Domestic Airport,31.412413,37.278898,OEGT
Hail International Airport,27.437901,41.686298,OEHL
Jubail Airport,27.039,49.405102,
King Faisal Naval Base,21.348101,39.173,OEJF
King Abdulaziz International Airport,21.680241,39.157436,OEJN
King Khaled Military City Airport,27.9009,45.528198,OEKK
King Khalid Air Base,18.2973,42.803501,OEKM
Prince Mohammad Bin Abdulaziz Airport,24.5534,39.705101,OEMA
Najran Domestic Airport,17.611401,44.419201,OENG
Neom Bay Airport,27.924261,35.29358,OENN
Qaisumah–Hafar Al-Batin International Airport,28.335726,46.127108,OEPA
Prince Sultan Air Base,24.0627,47.580502,OEPS
Rafha Domestic Airport,29.62639999,43.49060059,OERF
King Khalid International Airport,24.9576,46.698799,OERK
Ras Mishab Airport,28.079599,48.611,OERM
Arar Domestic Airport,30.90660095,41.13819885,OERR
Ras Tanura Airport,26.723101,50.0308,OERT
Sharurah Domestic Airport,17.4669,47.121399,OESH
Al-Jawf International Airport,29.783301,40.100905,OESK
Prince Sultan bin Abdulaziz International Airport,28.3711,36.624865,OETB
Taif International Airport,21.484739,40.544074,OETF
Ras Tanajib Airport,27.8678,48.7691,OETN
Turaif Domestic Airport,31.692188,38.731544,OETR
Wadi Al Dawasir Domestic Airport,20.504299,45.1996,OEWD
Al Wajh Domestic Airport,26.198601,36.476398,OEWJ
Prince Abdulmohsen Bin Abdulaziz International Airport,24.144199,38.0634,OEYN
Abadan Ayatollah Jami International Airport,30.367887,48.230075,OIAA
Dezful Airport,32.434399,48.397598,OIAD
Aghajari Airport,30.7444,49.6772,OIAG
Gachsaran Airport,30.333869,50.833796,OIAH
Shahid Asiyaee Airport,32.001719,49.268599,
Mahshahr Airport,30.5562,49.151901,OIAM
Qasem Soleimani International Airport,31.3364,48.763789,OIAW
Abu Musa Island Airport,25.8757,55.033001,OIBA
Bushehr Airport,28.94479942,50.83459854,OIBB
Jam Airport,27.820499,52.3522,OIBJ
Kish International Airport,26.525427,53.980462,OIBK
Bandar Lengeh International Airport,26.532283,54.82484,OIBL
Persian Gulf International Airport,27.379601,52.737701,OIBP
Khark Airport,29.260503,50.322193,OIBQ
Siri Airport,25.908899,54.539398,OIBS
Lavan Airport,26.810742,53.354302,OIBV
Shahid Ashrafi Esfahani Airport,34.34590149,47.15810013,OICC
Ilam Airport,33.58660126,46.40480042,OICI
Khoram Abad Airport,33.4353981,48.28290176,OICK
Sanandaj Airport,35.2458992,47.00920105,OICS
Kashan Airport,33.895302,51.577,OIFK
Isfahan Shahid Beheshti International Airport,32.755142,51.883877,OIFM
Badr Air Base,32.621101,51.696999,
Shahrekord Airport,32.29719925,50.84220123,OIFS
Sardar-e-Jangal Airport,37.323333,49.617778,OIGG
Hamadan Airport,34.866416,48.56069,OIHH
Nojeh Air Base,35.211601,48.6534,OIHS
Imam Khomeini International Airport,35.41609955,51.15219879,OIIE
Mehrabad International Airport,35.689175,51.314392,OIII
Qazvin Airport,36.240101,50.0471,OIIK
Payam International Airport,35.7761,50.826698,OIIP
Bandar Abbas International Airport,27.2183,56.3778,OIKB
Jiroft Airport,28.723519,57.675037,OIKJ
Ayatollah Hashemi Rafsanjani International Airport,30.271276,56.949692,OIKK
Bam Airport,29.0842,58.450001,OIKM
Qeshm International Airport,26.754639,55.902353,OIKQ
Rafsanjan Airport,30.298345,56.048979,OIKR
Sirjan Airport,29.5509,55.672699,OIKY
Birjand International Airport,32.896525,59.281258,OIMB
Sarakhs Airport,36.501202,61.064899,OIMC
Mashhad International Airport,36.234821,59.642949,OIMM
Bojnord Airport,37.49300003,57.30820084,OIMN
Sabzevar National Airport,36.16809845,57.59519958,OIMS
Tabas Airport,33.667801,56.8927,OIMT
Gorgan Airport,36.90940094,54.40129852,OING
Nowshahr Airport,36.664286,51.46273,OINN
Ramsar Airport,36.90701,50.687316,OINR
Sari Dasht-e Naz International Airport,36.644408,53.188761,OINZ
Fasa Airport,28.8918,53.723301,OISF
Lar Airport,27.6747,54.383301,OISL
Lamerd Airport,27.3727,53.188801,OISR
Shiraz Shahid Dastghaib International Airport,29.5392,52.589802,OISS
Yasuj Airport,30.702238,51.542988,OISY
Ardabil Airport,38.32569885,48.42440033,OITL
Urmia Airport,37.66809845,45.06869888,OITR
Tabriz International Airport,38.1339,46.235001,OITT
Maku National Airport,39.191293,44.928505,OITU
Zanjan Airport,36.77370071,48.3594017,OITZ
Shahid Sadooghi Airport,31.9048996,54.2765007,OIYY
Zabol Airport,31.098301,61.5439,OIZB
Chabahar Konarak International Airport,25.44319,60.382167,OIZC
Zahedan International Airport,29.4757,60.9062,OIZH
Iranshahr Airport,27.236099,60.720001,OIZI
Queen Alia International Airport,31.72260094,35.99319839,OJAI
Marka International (Amman Civil) Airport,31.9727,35.9916,OJAM
King Hussein International Airport,29.611601,35.018101,OJAQ
Muwaffaq Salti Air Base,31.8256,36.782001,OJMS
Ahmed Al Jaber Air Base,28.93479919,47.79190063,OKAJ
Ali Al Salem Air Base,29.346905,47.520118,OKAS
Kuwait International Airport,29.224487,47.969813,OKKK
Beirut Rafic Hariri International Airport,33.819833,35.487443,OLBA
Rene Mouawad Air Base,34.589298,36.011299,OLKA
Rayak Air Base,33.85079956,35.98770142,
Duqm International Airport,19.501944,57.634167,
Mussanah Airport,23.640556,57.4875,
Ras al Hadd Airport,22.25691,59.74067,
Zayed International Airport,24.440966,54.649237,OMAA
Al Bateen Executive Airport,24.427062,54.459866,OMAD
Al Ain International Airport,24.2617,55.6092,OMAL
Al Dhafra Air Base,24.24819946,54.54769897,OMAM
Sir Bani Yas Airport,24.283611,52.580278,OMBY
Dubai International Airport,25.24979,55.370992,OMDB
Al Minhad Air Base,25.02680016,55.36619949,OMDM
Al Maktoum International Airport,24.896171,55.16235,OMDW
Fujairah International Airport,25.108411,56.328061,OMFJ
Ras Al Khaimah International Airport,25.613501,55.938801,OMRK
Sharjah International Airport,25.3286,55.5172,OMSJ
Khasab Airport,26.171,56.240601,OOKB
RAFO Masirah,20.6754,58.890499,OOMA
Muscat International Airport,23.600218,58.285268,OOMS
Salalah International Airport,17.0387,54.091301,OOSA
Suhar International Airport,24.38604,56.62541,OOSH
Thumrait Air Base,17.666,54.024601,OOTH
Shamsi Airfield,27.8465,65.160004,
Bahawalpur Airport,29.34810066,71.71800232,OPBW
Chitral Airport,35.886213,71.799922,OPCH
Dera Ghazi Khan Airport,29.96100044,70.48590088,OPDG
Dera Ismael Khan Airport [IN-ACTIVE],31.909401,70.896599,OPDI
Faisalabad International Airport,31.364923,72.995319,OPFA
New Gwadar International Airport,25.296733,62.498822,OPGW
Gilgit Airport,35.91880035,74.33360291,OPGT
Islamabad International Airport,33.549,72.82566,OPIS
Shahbaz Air Base,28.28420067,68.4496994,OPJA
Jinnah International Airport,24.9065,67.160797,OPKC
Allama Iqbal International Airport,31.521601,74.403603,OPLA
Mangla Airport,33.05009842,73.63839722,OPMA
Mianwali Air Base,32.56309891,71.5707016,OPMI
Moenjodaro Airport,27.335199,68.143097,OPMJ
Masroor Air Base,24.89360046,66.938797,
Minhas Air Base,33.86909866,72.40090179,
Multan International Airport,30.203199,71.419098,OPMT
Shaheed Benazirabad Airport,26.2194,68.390099,OPNH
Panjgur Airport,26.9545,64.1325,OPPG
Pasni Airport,25.290501,63.3451,OPPI
Bacha Khan International Airport,33.9939,71.514603,OPPS
Quetta International Airport,30.2514,66.937798,OPQT
Shaikh Zaid Airport,28.38389969,70.27960205,OPRK
PAF Base Nur Khan (Benazir Bhutto International Airport),33.616699,73.099197,
Rafiqui Air Base,30.75810051,72.28250122,
Risalpur Air Base,34.08110046,71.97260284,
Rawalakot Airport,33.849701,73.798103,OPRT
Skardu International Airport,35.33866,75.538648,OPSD
Faisal Air Base,24.87420082,67.11849976,
Begum Nusrat Bhutto International Airport Sukkur,27.722,68.791702,OPSK
Sehwan Sharif Airport,26.473101,67.717201,OPSN
Mushaf Air Base,32.04859924,72.66500092,OPSR
Saidu Sharif Airport,34.813599,72.352798,OPSS
Sialkot International Airport,32.535941,74.364623,OPST
Sui Airport,28.64509964,69.17690277,OPSU
Turbat International Airport,25.984767,63.028856,OPTU
Zhob Airport,31.35840034,69.46360016,OPZB
Al Asad Air Base,33.78559875,42.44120026,ORAA
Al Taqaddum Air Base,33.33810043,43.5970993,ORAT
Balad Southeast Airport / Joint Base Balad,33.940201,44.361599,
Baghdad International Airport / New Al Muthana Air Base,33.262501,44.2346,ORBI
Mosul International Airport,36.305801,43.1474,ORBM
Erbil International Airport,36.236047,43.946615,ORER
Kirkuk International Airport,35.469501,44.3489,ORKK
Basra International Airport,30.549101,47.662102,ORMM
Al Najaf International Airport,31.991116,44.405019,ORNI
Qayyarah West Airport,35.7672,43.125099,
Al Sahra Army Air Field,34.673199,43.542999,
Jalal Talabani International Airport,35.560487,45.315137,ORSJ
Tall Afar Army Air Field,36.2831,42.403,ORTF
Al Taji Army Air Field,33.523899,44.256699,ORTI
Ali Air Base,30.935801,46.090099,
Ubaydah Bin Al Jarrah Airport,32.481998,45.757099,ORUB
Abu ad Duhur Air Base,35.73220062,37.10419846,
An Nasiriyah Air Base,33.91899872,36.86660004,
Khalkhalah Air Base,33.07730103,36.55820847,
Al Qusayr Air Base,34.56909943,36.57279968,
Aleppo International Airport,36.181262,37.226869,OSAP
Damascus International Airport,33.41149902,36.5155983,OSDI
Deir ez-Zor Airport,35.2854,40.175999,OSDZ
Qamishli International Airport,37.020599,41.191399,OSKL
Latakia International Airport,35.4011,35.9487,OSLK
Palmyra Airport,34.5574,38.316898,OSPR
Doha International Airport,25.259431,51.565528,OTBD
Al Udeid Air Base,25.11730003,51.31499863,OTBH
Hamad International Airport,25.273056,51.608056,OTHH
Al Anad Air Base,13.1747,44.765099,
Aden International Airport,12.829564,45.029976,OYAA
Ataq Airport,14.5513,46.826199,OYAT
Al Ghaydah International Airport,16.193341,52.174186,OYGD
Hodeida International Airport,14.752039,42.975969,
Riyan International Airport,14.662241,49.375289,OYRN
Sanaa International Airport,15.4763,44.2197,OYSN
Socotra Airport,12.632093,53.906173,OYSQ
Seiyun Hadhramaut International Airport,15.965887,48.788146,OYSY
Taiz International Airport,13.686,44.139099,OYTZ
"Warren ""Bud"" Woods Palmer Municipal Airport",61.594898,-149.08901,PAAQ
Barter Island Long Range Radar Station Airport,70.134003,-143.582001,PABA
Bethel Airport,60.77980042,-161.8379974,PABE
Allen Army Airfield,63.994499,-145.722,PABI
Wiley Post Will Rogers Memorial Airport,71.285402,-156.766008,PABR
Birchwood Airport,61.4165,-149.507004,PABV
Cold Bay Airport,55.207871,-162.725029,PACD
Clear Airport,64.299738,-149.117432,PACL
Merle K (Mudhole) Smith Airport,60.491798,-145.477997,PACV
Cape Romanzof LRRS Airport,61.78030014,-166.0390015,PACZ
Deering Airport,66.068901,-162.766914,PADE
Adak Airport,51.883564,-176.642783,PADK
Dillingham Airport,59.04470062,-158.5050049,PADL
Kodiak Airport,57.75,-152.4940033,PADQ
Tom Madsen (Dutch Harbor) Airport,53.89881,-166.544996,PADU
Elmendorf Air Force Base,61.251709,-149.807097,PAED
Cape Newenham LRRS Airport,58.64640045,-162.0630035,PAEH
Eielson Air Force Base,64.66570282,-147.102005,PAEI
Emmonak Airport,62.78609848,-164.4909973,PAEM
Kenai Municipal Airport,60.570946,-151.245174,PAEN
Fairbanks International Airport,64.815102,-147.856003,PAFA
Ladd Army Airfield,64.837502,-147.613998,PAFB
Kake Airport,56.961312,-133.910202,PAFE
Ambler Airport,67.105529,-157.855339,PAFM
Edward G. Pitka Sr Airport,64.736198,-156.936997,PAGA
Gulkana Airport,62.155859,-145.454662,PAGK
Gambell Airport,63.767694,-171.733303,PAGM
Gustavus Airport,58.4253006,-135.7070007,PAGS
Holy Cross Airport,62.18830109,-159.7749939,PAHC
Huslia Airport,65.697899,-156.350998,PAHL
Haines Airport,59.243921,-135.523925,PAHN
Homer Airport,59.644456,-151.479235,PAHO
Egegik Airport,58.184386,-157.374873,PAII
Bob Baker Memorial Airport,66.976128,-160.439014,PAIK
Iliamna Airport,59.754398,-154.910996,PAIL
Indian Mountain LRRS Airport,65.992798,-153.703995,PAIM
Juneau International Airport,58.354935,-134.574416,PAJN
King Salmon Airport,58.677845,-156.651965,PAKN
Anaktuvuk Pass Airport,68.133598,-151.742996,PAKP
Ketchikan International Airport,55.35559845,-131.7140045,PAKT
Klawock Airport,55.579201,-133.076004,PAKW
Cape Lisburne LRRS Airport,68.875099,-166.110001,PALU
McGrath Airport,62.95289993,-155.6060028,PAMC
Merrill Field,61.212792,-149.843988,PAMR
Mekoryuk Airport,60.372338,-166.269751,PAMY
Ted Stevens Anchorage International Airport,61.179004,-149.992561,PANC
Aniak Airport,61.58160019,-159.5429993,PANI
Nenana Municipal Airport,64.548772,-149.074516,PANN
Annette Island Airport,55.037663,-131.572609,PANT
Anvik Airport,62.646702,-160.190994,PANV
Nome Airport,64.5121994,-165.4450073,PAOM
Northway Airport,62.9613,-141.929001,PAOR
Ralph Wien Memorial Airport,66.88469696,-162.598999,PAOT
St George Airport,56.577345,-169.663823,PAPB
Port Clarence Coast Guard Station,65.25370026,-166.8589935,PAPC
Petersburg James A Johnson Airport,56.80170059,-132.9450073,PAPG
Port Heiden Airport,56.957893,-158.630219,PAPH
Platinum Airport,59.017675,-161.827927,PAPM
Nuiqsut Airport,70.209999,-151.005998,PAQT
Arctic Village Airport,68.1147,-145.578995,PARC
Ruby Airport,64.727203,-155.470001,PARY
Savoonga Airport,63.686401,-170.492996,PASA
Deadhorse Airport,70.19470215,-148.4649963,PASC
Sand Point Airport,55.313908,-160.522099,PASD
Sitka Rocky Gutierrez Airport,57.04710007,-135.3619995,PASI
St Paul Island Airport,57.166311,-170.222555,PASN
Sparrevohn LRRS Airport,61.09740067,-155.5740051,PASV
Soldotna Airport,60.474935,-151.038471,PASX
Eareckson Air Station,52.71229935,174.1139984,PASY
Talkeetna Airport,62.32049942,-150.0939941,PATK
Tatalina LRRS Airport,62.89440155,-155.977005,PATL
Atqasuk Edward Burnell Sr Memorial Airport,70.46704,-157.436013,PATQ
Unalakleet Airport,63.888401,-160.798996,PAUN
Valdez Pioneer Field,61.132712,-146.246567,PAVD
Seward Airport,60.130478,-149.418612,PAWD
Wrangell Airport,56.48429871,-132.3699951,PAWG
Wainwright Airport,70.638,-159.994995,PAWI
Wasilla Airport,61.571701,-149.539993,PAWS
Yakutat Airport,59.508717,-139.660435,PAYA
Canton Island Airport,-2.76812005,-171.7100067,PCIS
Fort Yukon Airport,66.571651,-145.249987,PFYU
Rota International Airport,14.173267,145.241103,PGRO
Saipan International Airport,15.119384,145.728848,PGSN
Andersen Air Force Base,13.584,144.929998,PGUA
Antonio B. Won Pat International Airport,13.485,144.797282,PGUM
Francisco Manglona Borja / Tinian International Airport,14.999207,145.619355,PGWT
Central Mindanao Airport,6.91229,124.92446,
Barking Sands Airport,22.0228,-159.785004,PHBK
Hana Airport,20.795601,-156.014008,PHHN
Hickam Air Force Base,21.335278,-157.948333,PHIK
Kapalua Airport,20.9629,-156.673004,PHJH
Kalaeloa Airport,21.3074,-158.070009,PHJR
Ellison Onizuka Kona International Airport at Keāhole,19.738783,-156.045603,PHKO
Lihue Airport,21.974393,-159.337146,PHLI
Molokai Airport,21.152901,-157.095993,PHMK
Waimea Kohala Airport,20.001301,-155.667999,PHMU
Kaneohe Bay MCAS (Marion E. Carl Field) Airport,21.4505,-157.768005,PHNG
Daniel K. Inouye International Airport,21.318387,-157.92567,PHNL
Lanai Airport,20.785675,-156.951324,PHNY
Kahului International Airport,20.896263,-156.431837,PHOG
Hilo International Airport,19.72135,-155.045428,PHTO
Mai Bakhtawar International Airport,24.846862,70.096109,
Marshall Islands International Airport,7.06511,171.271656,PKMJ
Bucholz Army Air Field,8.72012043,167.7319946,PKWA
Cassidy International Airport,1.986278,-157.350011,PLCH
Henderson Field,28.2017,-177.380997,PMDY
Point Lay LRRS Airport,69.732903,-163.005005,PPIZ
Chuuk International Airport,7.46187,151.843002,PTKK
Pohnpei International Airport,6.985082,158.20992,PTPN
Roman Tmetuchl International Airport,7.366965,134.544085,PTRO
Kosrae International Airport,5.35698,162.957993,PTSA
Yap International Airport,9.49891,138.082993,PTYA
Wake Island Airfield,19.282437,166.636637,PWAK
Aeropuerto Nacional de Coronel Oviedo,-25.517347,-56.406555,
"Base de la Fuerza Aérea Paraguaya ""Mayor Infante Rivarola""",-21.680442,-62.3964,
Gangshan Air Force Base,22.782499,120.263,RCAY
Kinmen Airport,24.4279,118.359001,RCBS
Pingtung Air Force Base,22.672579,120.461712,RCDC
Matsu Nangan Airport,26.159656,119.958376,RCFG
Taitung Airport,22.754856,121.101794,RCFN
Kaohsiung International Airport,22.577101,120.349998,RCKH
Chiayi Airport,23.462577,120.390544,RCKU
Hengchun Airport,22.0411,120.730003,RCKW
Lanyu Airport,22.02700043,121.5350037,RCLY
Taichung International Airport / Ching Chuang Kang Air Base,24.2647,120.621002,RCMQ
Matsu Beigan Airport,26.22414,120.002679,RCMT
Tainan International Airport / Tainan Air Base,22.950399,120.206001,RCNN
Hsinchu Air Base,24.81800079,120.939003,RCPO
Penghu Magong Airport,23.568701,119.627998,RCQC
Chihhang Air Base,22.7931,121.181999,RCQS
Pingtung Air Force Base North,22.700199,120.482002,RCSQ
Taipei Songshan International Airport,25.067244,121.552822,RCSS
Taiwan Taoyuan International Airport,25.0777,121.233002,RCTP
Hualien Chiashan Airport,24.023163,121.617991,RCYU
Narita International Airport,35.76858,140.388714,RJAA
Shinshu-Matsumoto Airport,36.166801,137.923004,RJAF
Ibaraki Airport,36.181456,140.414434,RJAH
Ioto (Iwo Jima) Airbase,24.784153,141.32261,RJAW
Kansai International Airport,34.427299,135.244003,RJBB
Nanki Shirahama Airport,33.66220093,135.3639984,RJBD
Kobe Airport,34.632801,135.223999,RJBE
Konotori Tajima Airport,35.512798,134.787003,RJBT
Tokachi-Obihiro Airport,42.73329926,143.2169952,RJCB
New Chitose Airport,42.774753,141.690414,RJCC
Hakodate Airport,41.77,140.822006,RJCH
JASDF Chitose Air Base,42.794498,141.666,
Kushiro Airport,43.041,144.192993,RJCK
Memanbetsu Airport,43.88059998,144.1640015,RJCM
Nakashibetsu Airport,43.57749939,144.9600067,RJCN
Sapporo Okadama Airport,43.117447,141.38134,RJCO
JASDF Kenebetsu Airfield,43.425154,144.741354,
Tokachi Airport,42.890499,143.158005,
Wakkanai Airport,45.40420151,141.8009949,RJCW
Amakusa Airport,32.482498,130.158997,RJDA
Iki Airport,33.74900055,129.7850037,RJDB
Yamaguchi Ube Airport,33.93,131.279007,RJDC
Tsushima Airport,34.28490067,129.3309937,RJDT
Monbetsu Airport,44.30390167,143.404007,RJEB
Asahikawa Airport,43.670799,142.447006,RJEC
Okushiri Airport,42.07170105,139.4329987,RJEO
Rishiri Airport,45.24200058,141.1860046,RJER
JASDF Ashiya Air Base,33.883099,130.653,
Yakushima Airport,30.385599,130.658997,RJFC
Fukue Airport,32.666302,128.832993,RJFE
Fukuoka Airport,33.58589935,130.451004,RJFF
New Tanegashima Airport,30.60510063,130.9909973,RJFG
Kagoshima Airport,31.8034,130.718994,RJFK
Miyazaki Airport,31.877199,131.449005,RJFM
Oita Airport,33.47940063,131.7369995,RJFO
Kitakyushu Airport,33.845901,131.035004,RJFR
Kyushu Saga International Airport,33.1497,130.302002,RJFS
Kumamoto Airport,32.837299,130.854996,RJFT
Nagasaki Airport,32.916901,129.914001,RJFU
JMSDF Kanoya Air Base,31.36672,130.838805,
JASDF Tsuiki Air Base,33.685001,131.039993,
Chubu Centrair International Airport,34.858398,136.804993,RJGG
Amami Airport,28.43059921,129.7129974,RJKA
Okinoerabu Airport,27.431604,128.705564,RJKB
Kikai Airport,28.32130051,129.9279938,RJKI
Tokunoshima Airport,27.836382,128.881356,RJKN
Nagoya Airport / JASDF Komaki Air Base,35.255759,136.924095,RJNA
Fukui Airport,36.142799,136.223999,RJNF
Gifu Airport,35.3941,136.869995,
JASDF Hamamatsu Air Base,34.750198,137.703003,
Komatsu Airport / JASDF Komatsu Air Base,36.393407,136.406895,RJNK
Oki Global Geopark Airport,36.178388,133.323566,RJNO
Mount Fuji Shizuoka Airport,34.795022,138.190976,RJNS
Toyama Kitokito Airport,36.648416,137.187359,RJNT
Noto Satoyama Airport,37.293098,136.962006,RJNW
JASDF Shizuhama Air Base,34.812801,138.298004,
Hiroshima Airport,34.4361,132.919006,RJOA
Okayama Momotaro Airport,34.756901,133.854996,RJOB
Izumo Enmusubi Airport,35.413601,132.889999,RJOC
JASDF Hofu Airfield,34.034746,131.548716,
Yonago Kitaro Airport / JASDF Miho Air Base,35.492199,133.235992,RJOH
Iwakuni Kintaikyo Airport,34.146333,132.247238,RJOI
Kochi Ryoma Airport,33.545217,133.670166,RJOK
Matsuyama Airport,33.826893,132.700114,RJOM
Osaka Itami International Airport,34.780853,135.440829,RJOO
Tottori Sand Dunes Conan Airport,35.530058,134.165023,RJOR
Tokushima Awaodori Airport / JMSDF Tokushima Air Base,34.132559,134.607816,RJOS
Takamatsu Airport,34.214963,134.015454,RJOT
Iwami Airport,34.67639923,131.7899933,RJOW
Yao Airport,34.59629822,135.6029968,
Aomori Airport,40.733777,140.689477,RJSA
Yamagata Airport,38.4119,140.371002,RJSC
Sado Airport,38.06019974,138.4140015,RJSD
Fukushima Airport,37.22740173,140.4309998,RJSF
JMSDF Hachinohe Air Base / Hachinohe Airport,40.551181,141.465428,RJSH
Iwate Hanamaki Airport,39.4286,141.134995,RJSI
Akita Airport,39.615601,140.218994,RJSK
Misawa Airport / Misawa Air Base,40.703201,141.367996,RJSM
Niigata Airport,37.954166,139.112189,RJSN
Odate Noshiro Airport,40.191898,140.371002,RJSR
Sendai Airport,38.139702,140.917007,RJSS
JASDF Matsushima Air Base,38.4049,141.220001,
Shonai Airport,38.812199,139.787003,RJSY
JMSDF Atsugi Air Base / Naval Air Facility Atsugi,35.454601,139.449997,RJTA
JMSDF Tateyama Air Base,34.987099,139.828995,
Chofu Airport,35.6717,139.528,
Hachijojima Airport,33.114843,139.785645,RJTH
Iruma Air Base,35.8419,139.410995,
JGSDF Kisarazu Airfield,35.3983,139.910004,
JMSDF Shimofusa Air Base,35.798901,140.011002,
Oshima Airport,34.7820015,139.3600006,RJTO
Miyakejima Airport,34.07360077,139.5599976,RJTQ
Tokyo Haneda International Airport,35.549678,139.786958,RJTT
Utsunomiya Air Field,36.5145,139.87101,
Yokota Air Base,35.748501,139.348007,RJTY
Muan International Airport,34.991406,126.382814,RKJB
Gwangju Airport,35.123173,126.805444,RKJJ
Gunsan Airport / Gunsan Air Base,35.903801,126.615997,RKJK
Yeosu Airport,34.84230042,127.6169968,RKJY
Gangneung Airport (K-18),37.753601,128.943915,RKNN
Wonju Airport / Hoengseong Air Base (K-38/K-46),37.437113,127.960051,RKNW
Yangyang International Airport,38.060481,128.669822,RKNY
Jeju International Airport,33.512058,126.492548,RKPC
Jeongseok Airport,33.39960098,126.711998,RKPD
Gimhae International Airport,35.179501,128.938004,RKPK
Sacheon Airport / Sacheon Air Base,35.088591,128.071747,RKPS
Ulsan Airport,35.59349823,129.352005,RKPU
Camp Humphreys (A-511) Desiderio Army Airfield,36.962363,127.031126,RKSG
Incheon International Airport,37.469101,126.450996,RKSI
Seoul Air Base (K-16),37.444744,127.112718,
Osan Air Base,37.091457,127.029448,RKSO
Gimpo International Airport,37.5583,126.791,RKSS
Suwon Airport,37.239399,127.007004,RKSW
Pohang Airport (G-815/K-3),35.987955,129.420383,RKTH
Jungwon Air Base/Chungju Airport,37.03024,127.886353,RKTI
Daegu International Airport,35.894394,128.656989,RKTN
Cheongju International Airport/Cheongju Air Base (K-59/G-513),36.71556,127.500289,RKTU
Yecheon Airbase,36.630373,128.34971,RKTY
Naha International Airport,26.192437,127.639804,ROAH
Kadena Air Base,26.351667,127.769444,RODN
New Ishigaki Airport,24.396389,124.245,ROIG
Kumejima Airport,26.363445,126.71384,ROKJ
Minamidaito Airport,25.8465,131.263,ROMD
Miyako Airport,24.782801,125.294998,ROMY
Iejima Airport,26.722537,127.786801,RORE
Kitadaito Airport,25.94470024,131.3269959,RORK
Shimojishima Airport,24.8267,125.144997,RORS
Tarama Airport,24.653793,124.675453,RORT
Yoron Airport,27.043847,128.401648,RORY
Futenma Marine Corps Air Station,26.2743,127.755997,
Yonaguni Airport,24.467298,122.979827,ROYN
Subic Bay International Airport / Naval Air Station Cubi Point,14.794833,120.271883,RPLB
Clark International Airport / Clark Air Base,15.186,120.559998,RPLC
Cagayan North International Airport,18.182388,121.746223,RPLH
Laoag International Airport,18.175089,120.531006,RPLI
Bicol International Airport,13.111915,123.676829,RPLK
Ninoy Aquino International Airport,14.5086,121.019997,RPLL
Danilo Atienza Air Base,14.4954,120.903999,RPLS
Itbayat Jorge Abad Airport,20.722521,121.809969,RPLT
Lubang Airport,13.8554,120.105003,RPLU
Allah Valley Airport,6.367903,124.752431,RPMA
Rajah Buayan Air Base,6.105476,125.234882,RPMB
Cotabato (Awang) Airport,7.164753,124.209938,RPMC
Francisco Bangoy International Airport,7.12552,125.646004,RPMD
Bancasi Airport,8.9515,125.4788,RPME
Bislig Airport,8.195052,126.321015,RPMF
Dipolog Airport,8.601983,123.341875,RPMG
Camiguin Airport,9.253894,124.709115,RPMH
Jolo Airport,6.05367,121.011002,RPMJ
Sanga Sanga Airport,5.048196,119.743338,RPMN
Labo Airport,8.17851,123.842003,RPMO
Pagadian Airport,7.825632,123.459635,RPMP
Mati National Airport,6.949091,126.27368,RPMQ
General Santos International Airport,6.057208,125.096243,RPMR
Surigao Airport,9.755838326,125.4809475,RPMS
Tandag Airport,9.072002,126.17132,RPMW
Laguindingan International Airport,8.612203,124.456496,RPMY
Zamboanga International Airport,6.92242,122.059998,RPMZ
Bohol-Panglao International Airport,9.573045,123.770143,RPSP
Loakan Airport,16.375034,120.619949,RPUB
Daet Airport,14.1292,122.980003,RPUD
San Jose Airport,12.36149979,121.0469971,RPUH
Mamburao Airport,13.208048,120.605457,RPUM
Naga Airport,13.5848999,123.2699966,RPUN
Basco Airport,20.4513,121.980003,RPUO
Dr. Juan C. Angara Airport,15.729309,121.500034,RPUR
San Fernando Airport,16.5956,120.303001,RPUS
Tuguegarao Airport,17.64336768,121.7331505,RPUT
Virac Airport,13.5763998,124.2060013,RPUV
Marinduque Airport,13.36100006,121.8259964,RPUW
Cauayan Airport,16.92989922,121.7529984,RPUY
Daniel Z. Romualdez Airport,11.227761,125.027783,RPVA
Bacolod-Silay International Airport,10.776237,123.018879,RPVB
Calbayog Airport,12.072574,124.54508,RPVC
Sibulan Airport,9.334183,123.30191,RPVD
Godofredo P. Ramos Airport,11.9245,121.954002,RPVE
Catarman National Airport,12.50161,124.635258,RPVF
Iloilo International Airport,10.833017,122.493358,RPVI
Moises R. Espinosa Airport,12.369682,123.630095,RPVJ
Kalibo International Airport,11.6794,122.375999,RPVK
Mactan Cebu International Airport,10.309261,123.97974,RPVM
Ormoc Airport,11.057715,124.565622,RPVO
Puerto Princesa International Airport / PAF Antonio Bautista Air Base,9.742044,118.75911,RPVP
Roxas Airport,11.59770012,122.7519989,RPVR
Evelio Javier Airport,10.766644,121.932506,RPVS
Tugdan Airport,12.31099987,122.0849991,RPVU
Francisco B. Reyes (Busuanga) Airport,12.121865,120.100801,RPVV
Red Sea International Airport,25.627975,37.088914,OERS
Levashovo Air Base,60.0867,30.1933,
Bada Air Base,51.406917,109.900091,
Balashov Air Base,51.531687,43.301718,
Borisoglebsk Air Base,51.366699,42.178299,
Khotilovo Air Base,57.654999,34.099998,
Lipetsk Air Base,52.634998,39.445,
Buturlinovka Air Base,50.79221,40.606155,
Chindant Air Base,50.396702,116.347,
Kaliningrad Chkalovsk Naval Air Base,54.766556,20.396819,
Irkutsk Northwest Airport,52.367642,104.183335,
Mius Airport,54.958332,43.311668,
Yamburg Airport,67.986664,75.099998,
Chernyakhovsk Naval Air Base,54.601676,21.782375,
Ostrov Naval Air Base,57.299999,28.4333,
Pribylovo Naval Air Base,60.458332,28.746668,
Krymsk Air Base,44.962905,37.999071,
Krasnodar Central Air Base,45.082429,38.944312,
Bobrovka Air Base,53.145,50.709999,
Budyonnovsk Air Base,44.830002,44.013,
Chernigovka Air Base,44.32239,132.545289,
Mozdok Air Base,43.78499985,44.59999847,
Taganrog Tsentralny Air Base,47.24645,38.8403,
Sormovo Airfield,56.31999969,43.79999924,
Seshcha Air Base,53.715258,33.339083,
Millerovo Air Base,48.955177,40.296356,
Privolzhskiy Air Base,46.395726,47.887688,
Kapustin Yar Airfield,48.667,45.732,
Vozdvizhenka Air Base,43.907501,131.925008,
Rostov-on-Don Central Air Base,47.277386,39.635556,
Akhtubinsk Air Base,48.3085,46.2365,
Kubinka Air Base,55.611695,36.650002,UUMB
Velikiye Luki Airport,56.381066,30.607846,ULOL
Rtishchevo Air Base,52.297317,43.7241,
Semyazino Airport,56.127423,40.315202,
Soltsy-2 Air Base,58.139545,30.33042,
Yermolino Air Base,55.228627,36.608609,
Myachkovo Airfield,55.560001,37.985001,
Staraya Russa Air Base,57.961399,31.384399,
Fedotovo Naval Air Base,59.190372,39.123459,
Severomorsk-1 Naval Air Base,69.03167,33.418331,
Severomorsk-3 Naval Air Base,68.866669,33.716667,
Dyagilevo Air Base,54.642284,39.569047,
Khanskaya Air Base,44.68,40.035,
Smolensk North Airport,54.824,32.025,
Yeysk Airport,46.68,38.21,
Kamensk-Uralskiy Air Base,56.436699,61.986698,
Dolinsk-Sokol Air Base,47.2617,142.768005,
Samara Kryazh Air Base,53.108299,50.098301,
Dzhida Air Base,50.677425,106.138573,
Oreshkovo Airfield,54.467731,36.073685,
Bagay-Baranovka Air Base,52.139652,46.969387,
Kansk Air Base,56.123299,95.6633,
Tambov Air Base,52.700626,41.374168,
Danilovo Air Base,56.66,48.033298,
Olenya Air Base,68.151802,33.463902,
Rogachyovo Air Base,71.616699,52.478298,
Shatalovo Air Base,54.34,32.473301,
Cheryomushki Air Base,52.072963,113.433267,
Chuguyevka Air Base,44.083302,133.867996,
Smuravyovo Air Base,58.814999,28.0133,
Ivanovo North Air Base,57.0583,40.981701,
Lyambir Air Base,54.28499985,45.16830063,
Ulan-Ude East Airport,51.849998,107.737999,
Michurinsk Air Base,52.917455,40.365826,
Step Air Base,51.016701,115.432999,
Yugorsk Sovetsky Air Base,61.268299,63.138302,
Uprun Air Base,54.375,61.353298,
Voronezh Baltimore Air Base,51.62,39.14,
Sharomy Air Base,54.294492,158.151505,
Engels Air Base,51.480499,46.215,
Vorkuta Sovetskiy Air Base,67.463303,64.306702,
Krechevitsy Air Base,58.625,31.385,ULLK
Rzhev Air Base,56.259998,34.408298,
Shaykovka Air Base,54.2267,34.3717,
King Salman Air Base,24.465259,46.659279,OESN
Comodoro Pierrestegui Airport,-31.2969,-57.9966,SAAC
Gualeguaychu Airport,-33.005567,-58.612833,SAAG
General Urquiza Airport,-31.7948,-60.4804,SAAP
Rosario Islas Malvinas International Airport,-32.9036,-60.785,SAAR
Sauce Viejo Airport,-31.7117,-60.8117,SAAV
Aeroparque Jorge Newbery,-34.559419,-58.415536,SABE
Ingeniero Aeronáutico Ambrosio L.V. Taravella International Airport,-31.312346,-64.208329,SACO
San Fernando Airport,-34.4532,-58.5896,
La Plata Airport,-34.9722,-57.8947,SADL
El Palomar Airport,-34.6099,-58.6126,SADP
Ezeiza International Airport - Ministro Pistarini,-34.8222,-58.5358,SAEZ
Rincon De Los Sauces Airport,-37.390598,-68.904198,SAHS
Zapala Airport,-38.975498,-70.113602,SAHZ
Governor Francisco Gabrielli International Airport,-32.831699,-68.7929,SAME
Comodoro D.R. Salomón Airport,-35.493599,-69.574303,SAMM
Suboficial Ay Santiago Germano Airport,-34.588299,-68.4039,SAMR
Coronel Felipe Varela International Airport,-28.593117,-65.7512,SANC
Vicecomodoro Angel D. La Paz Aragonés Airport,-27.76555634,-64.30999756,SANE
Capitan V A Almonacid Airport,-29.381599,-66.795799,SANL
Termas de Río Hondo international Airport,-27.4966,-64.93595,SANR
Teniente Benjamín Matienzo International Airport,-26.837397,-65.104195,SANT
Domingo Faustino Sarmiento Airport,-31.571501,-68.418198,SANU
Area De Material Airport,-33.085098,-64.261299,SAOC
Villa Dolores Airport,-31.9452,-65.146301,SAOD
Villa Reynolds Airport,-33.72990036,-65.38739777,SAOR
Brigadier Mayor D Cesar Raul Ojeda Airport,-33.273201,-66.3564,SAOU
Presidente Néstor Kirchner Regional Airport,-32.3201,-63.22663,
Corrientes Airport,-27.4455,-58.7619,SARC
Resistencia International Airport,-27.44991,-59.056125,SARE
Formosa National Airport,-26.2127,-58.2281,SARF
Cataratas Del Iguazú International Airport,-25.737301,-54.4734,SARI
Paso De Los Libres Airport,-29.6894,-57.1521,SARL
Monte Caseros Airport,-30.2719,-57.6402,SARM
Libertador Gral D Jose De San Martin Airport,-27.3858,-55.9707,SARP
Martín Miguel de Güemes International Airport,-24.856001,-65.486198,SASA
Gobernador Horacio Guzman International Airport,-24.392799,-65.097801,SASJ
Orán Airport,-23.1528,-64.329201,SASO
General Enrique Mosconi Airport,-22.616877,-63.793015,SAST
Goya Airport,-29.1058,-59.2189,SATG
Reconquista Airport,-29.210278,-59.683333,SATR
Curuzu Cuatia Airport,-29.7706,-57.9789,SATU
El Bolsón Airfield,-41.943199,-71.532303,SAVB
General Enrique Mosconi International Airport,-45.786941,-67.463355,SAVC
Esquel Brigadier Antonio Parodi International Airport,-42.908001,-71.139503,SAVE
Las Heras Airport,-46.538517,-68.965323,SAVH
Almirante Marco Andres Zar Airport,-43.2105,-65.2703,SAVT
Gobernador Castello Airport,-40.8692,-63.0004,SAVV
El Tehuelche Airport,-42.7592,-65.1027,SAVY
El Calafate - Commander Armando Tola International Airport,-50.281997,-72.053949,
Puerto Deseado Airport,-47.7353,-65.9041,SAWD
Gobernador Ramón Trejo Noel International Airport,-53.7777,-67.7494,SAWE
Piloto Civil Norberto Fernández International Airport,-51.608791,-69.308948,SAWG
Ushuaia - Malvinas Argentinas International Airport,-54.8433,-68.2958,SAWH
Capitan D Daniel Vazquez Airport,-49.306816,-67.802596,SAWJ
Perito Moreno Jalil Hamer Airport,-46.537899,-70.978699,SAWP
Santa Cruz Airport,-50.0165,-68.5792,SAWU
Comandante Espora Airport,-38.725,-62.1693,SAZB
General Pico Airport,-35.696201,-63.758301,SAZG
Tres Arroyos Airport,-38.3869,-60.3297,SAZH
Santa Teresita Airport,-36.5423,-56.7218,SAZL
Ástor Piazzola International Airport,-37.9342,-57.5733,SAZM
Presidente Perón International Airport,-38.949001,-68.155701,SAZN
Necochea Airport,-38.490746,-58.816337,SAZO
Comodoro Pedro Zanni Airport,-35.8446,-61.8576,SAZP
Santa Rosa Airport,-36.588299,-64.275703,SAZR
Teniente Luis Candelaria International Airport,-41.151199,-71.157501,SAZS
Héroes de Malvinas Airport,-37.234634,-59.228647,SAZT
Villa Gesell Airport,-37.2354,-57.0292,SAZV
Cutral-Co Airport,-38.939701,-69.264603,SAZW
Aviador C. Campos Airport,-40.075401,-71.137299,SAZY
Conceição do Araguaia Airport,-8.34835,-49.301498,SBAA
Aracati Dragão do Mar Regional Airport,-4.568896,-37.805135,SBAC
Bauru/Arealva–Moussa Nakhal Tobias State Airport,-22.160755,-49.070325,SBAE
Campo Délio Jardim de Mattos Airport,-22.875099,-43.384701,SBAF
Anápolis Airbase,-16.2292,-48.964298,SBAN
Araraquara Airport,-21.812,-48.132999,SBAQ
Aracaju - Santa Maria Airport,-10.98394,-37.072873,SBAR
Piloto Osvaldo Marques Dias Airport,-9.866389,-56.106298,SBAT
Araçatuba Airport,-21.141479,-50.424575,SBAU
Romeu Zema Airport,-19.5632,-46.9604,SBAX
Val de Cans/Júlio Cezar Ribeiro International Airport,-1.379279,-48.476207,SBBE
Comandante Gustavo Kraemer Airport,-31.390499,-54.112202,SBBG
Pampulha - Carlos Drummond de Andrade Airport,-19.85074,-43.950316,SBBH
Bacacheri Airport,-25.4051,-49.231998,SBBI
Major Brigadeiro Doorgal Borges Airport,-21.2672,-43.76101,
Presidente Juscelino Kubitschek International Airport,-15.869167,-47.920834,SBBR
Chafei Amsei Airport,-20.584631,-48.594125,
Atlas Brasil Cantanhede International Airport,2.84615,-60.690648,SBBV
Barra do Garças Airport,-15.861417,-52.389008,SBBW
Umberto Modiano Airport,-22.770881,-41.96308,
Coronel Adalberto Mendes da Silva Airport,-25.000323,-53.501208,SBCA
Campo de Provas Brigadeiro Veloso,-9.33394,-54.965401,
Tancredo Neves International Airport,-19.63571,-43.966928,SBCF
Campo Grande Airport,-20.469998,-54.673988,SBCG
Serafin Enoss Bertaso Airport,-27.134199,-52.656601,SBCH
Brig. Lysias Augusto Rodrigues Airport,-7.32044,-47.458698,SBCI
Carajás Airport,-6.117841,-50.003372,SBCJ
Forquilhinha - Criciúma  Airport,-28.725743,-49.424475,
Canoas Air Force Base,-29.945928,-51.144413,
Bartolomeu Lisandro Airport,-21.698299,-41.301701,SBCP
Corumbá International Airport,-19.01193,-57.672772,SBCR
Curitiba-Afonso Pena International Airport,-25.5285,-49.1758,SBCT
Caravelas Airport,-17.6523,-39.253101,
Hugo Cantergiani Regional Airport,-29.197183,-51.187647,SBCX
Várzea Grande–Marechal Rondon International Airport,-15.6529,-56.116699,SBCY
Cruzeiro do Sul Airport,-7.59991,-72.769501,SBCZ
Presidente Prudente Airport,-22.1751,-51.424599,SBDN
Eduardo Gomes International Airport,-3.03861,-60.049702,SBEG
Jacareacanga Airport,-6.23316,-57.776901,SBEK
Cataratas International Airport,-25.594167,-54.489444,SBFI
Hercílio Luz International Airport,-27.670279,-48.552502,SBFL
Fernando de Noronha Airport,-3.854534,-32.423017,SBFN
Pinto Martins International Airport,-3.775833,-38.532222,SBFZ
Rio Galeão – Tom Jobim International Airport,-22.809999,-43.250557,SBGL
Guajará-Mirim Airport,-10.78641,-65.28486,SBGM
Santa Genoveva International Airport,-16.632,-49.220699,SBGO
São Paulo/Guarulhos–Governor André Franco Montoro International Airport,-23.431274,-46.469954,SBGR
Coronel Altino Machado Airport,-18.895882,-41.982869,SBGV
Edu Chaves Field,-22.791599,-45.2048,SBGW
Altamira Interstate Airport,-3.253144,-52.253938,SBHT
Itacoatiara Airport,-3.126539,-58.481668,SBIC
Itaituba Airport,-4.242131,-56.000651,SBIH
Bahia - Jorge Amado Airport,-14.815929,-39.033458,SBIL
Usiminas Airport,-19.470699,-42.487598,SBIP
Prefeito Renato Moreira Airport,-5.53129,-47.459999,SBIZ
Comandante Ariston Pessoa Airport,-2.906425,-40.357338,SBJE
Francisco de Assis Airport,-21.791482,-43.386072,SBJF
São Paulo Catarina Executive Airport,-23.426886,-47.165658,SBJH
Presidente Castro Pinto International Airport,-7.148691,-34.950554,SBJP
Jacarepaguá - Roberto Marinho Airport,-22.986773,-43.372194,SBJR
Lauro Carneiro de Loyola Airport,-26.224501,-48.797401,SBJV
Presidente João Suassuna Airport,-7.269662,-35.896057,SBKG
Viracopos International Airport,-23.007404,-47.134502,SBKP
Lages Airport,-27.782101,-50.281502,SBLJ
Lins Airport,-21.663491,-49.729954,
Governor José Richa Airport,-23.334375,-51.128365,SBLO
Bom Jesus da Lapa Airport,-13.2621,-43.4081,SBLP
João Correa da Rocha Airport,-5.36859,-49.138,SBMA
Minaçu Airport,-13.5491,-48.195301,
Monte Dourado - Serra do Areão Airport,-0.889839,-52.6022,SBMD
Macaé Benedito Lacerda Airport,-22.343,-41.765999,SBME
Regional de Maringá - Sílvio Name Júnior Airport,-23.47606,-52.016187,SBMG
Mário Ribeiro Airport,-16.706919,-43.818901,SBMK
Frank Miloye Milenkowichi–Marília State Airport,-22.196899,-49.926485,SBML
Ponta Pelada Airport / Manaus Air Base,-3.14604,-59.986301,SBMN
Zumbi dos Palmares International Airport,-9.512559,-35.791839,SBMO
Macapá - Alberto Alcolumbre International Airport,0.050664,-51.072201,SBMQ
Dix-Sept Rosado Airport,-5.20192,-37.3643,SBMS
Campo de Marte Airport,-23.5091,-46.637798,
Manicoré Airport,-5.81138,-61.278301,SBMY
Ministro Victor Konder International Airport,-26.879431,-48.650979,SBNF
Santo Ângelo Airport,-28.282503,-54.169623,SBNM
Natal Air Force Base,-5.91142,-35.2477,SBNT
Oiapoque Airport,3.85412,-51.797056,SBOI
Porto Alegre-Salgado Filho International Airport,-29.993984,-51.167482,SBPA
Parnaíba - Prefeito Doutor João Silva Filho International Airport,-2.89375,-41.731998,SBPB
Poços de Caldas - Embaixador Walther Moreira Salles Airport,-21.842529,-46.569768,SBPC
Lauro Kurtz Airport,-28.243976,-52.32777,SBPF
Ponta Grossa Airport - Comandante Antonio Amilton Beraldo,-25.184476,-50.143822,SBPG
Brigadeiro Lysias Rodrigues Airport,-10.2915,-48.356998,SBPJ
João Simões Lopes Neto International Airport,-31.717189,-52.327796,SBPK
Senador Nilo Coelho Airport,-9.362422,-40.569098,SBPL
Porto Nacional Airport,-10.719402,-48.3997,
Ponta Porã Airport,-22.549601,-55.702599,SBPP
Porto Seguro International Airport,-16.438426,-39.080584,SBPS
Governador Jorge Teixeira de Oliveira International Airport,-8.708491,-63.902338,SBPV
Rio Branco-Plácido de Castro International Airport,-9.869031,-67.893984,SBRB
Maestro Marinho Franco Airport,-16.584292,-54.724803,SBRD
Recife/Guararapes - Gilberto Freyre International Airport,-8.12747,-34.922961,SBRF
Santos Dumont Airport,-22.910397,-43.16282,SBRJ
Leite Lopes Airport,-21.134314,-47.774053,SBRP
Santa Cruz Air Force Base,-22.9324,-43.719101,
Rio Grande do Norte/São Gonçalo do Amarante–Governador Aluízio Alves International Airport,-5.769822,-35.36661,
Professor Urbano Ernesto Stumpf Airport,-23.2292,-45.8615,SBSJ
Marechal Cunha Machado International Airport,-2.586386,-44.235008,SBSL
Santa Maria Airport,-29.711399,-53.688202,SBSM
Santarém - Maestro Wilson Fonseca International Airport,-2.422423,-54.79306,SBSN
Congonhas–Deputado Freitas Nobre Airport,-23.627657,-46.654601,SBSP
Prof. Eribelto Manoel Reino State Airport,-20.817113,-49.406963,SBSR
Santos Nero Moura Air Base / Guarujá Airport,-23.928192,-46.300195,SBST
Deputado Luiz Eduardo Magalhães International Airport,-12.908611,-38.322498,SBSV
Base de Aviação de Taubaté,-23.0401,-45.51615,
Trombetas Airport,-1.4896,-56.396801,SBTB
Senador Petrônio Portela Airport,-5.06025,-42.823712,SBTE
Tefé Airport,-3.38294,-64.724098,SBTF
Tarauacá Airport,-8.155534,-70.782985,SBTK
Telêmaco Borba Airport,-24.317801,-50.6516,
Tiriós Airport,2.224537,-55.944711,
Tabatinga International Airport,-4.25567,-69.935799,SBTT
Tucuruí Airport,-3.78601,-49.720299,SBTU
São Gabriel da Cachoeira Airport,-0.14835,-66.9855,SBUA
Paulo Afonso Airport,-9.40088,-38.250599,SBUF
Rubem Berta Airport,-29.7822,-57.0382,SBUG
Ten. Cel. Aviador César Bombonato Airport,-18.883579,-48.225936,SBUL
Mário de Almeida Franco Airport,-19.765036,-47.964805,SBUR
Major Brigadeiro Trompowsky Airport,-21.591375,-45.474116,SBVG
Brigadeiro Camarão Airport,-12.6944,-60.098301,SBVH
Eurico de Aguiar Salles International Airport,-20.258,-40.285,SBVT
Campo Fontenelle,-21.984692,-47.341207,SBYS
Presidente Itamar Franco Airport,-21.513086,-43.173069,SBZM
Chacalluta International Airport,-18.348499,-70.338699,SCAR
Desierto de Atacama Airport,-27.2612,-70.779198,SCAT
Balmaceda Airport,-45.915968,-71.689499,SCBA
Barriles Airport,-22.1411,-70.062897,SCBE
Chile Chico Airport,-46.5831,-71.686323,SCCC
El Loa Airport,-22.498199,-68.903603,SCCF
Gral. Bernardo O´Higgins Airport,-36.5825,-72.031403,SCCH
President Carlos Ibáñez International Airport,-53.002602,-70.854599,SCCI
Teniente Vidal Airport,-45.5942,-72.106102,SCCY
Diego Aracena International Airport,-20.536273,-70.181373,SCDA
Comodoro Arturo Merino Benítez International Airport,-33.39300156,-70.78579712,SCEL
Ricardo García Posada Airport,-26.3111,-69.765198,SCES
Andrés Sabella Gálvez International Airport,-23.445274,-70.445232,SCFA
Captain Fuentes Martinez Airport,-53.2537,-70.319199,SCFM
Guardia Marina Zañartu Airport,-54.931099,-67.626297,SCGZ
Cochrane Airport,-47.243591,-72.58815,SCHR
Carriel Sur International Airport,-36.77235,-73.062828,SCIE
Mataveri International Airport,-27.165411,-109.421027,SCIP
Cañal Bajo Carlos Hott Siebert Airport,-40.611198,-73.060997,SCJO
Vallenar Airport,-28.596399,-70.755997,SCLL
Lieutenant Julio Gallardo Airport,-51.67067,-72.529078,SCNT
La Araucanía International Airport,-38.9259,-72.6515,SCQP
Chañaral Airport,-26.3325,-70.6073,SCRA
La Independencia Airport,-34.173698,-70.775703,SCRG
La Florida Airport,-29.916201,-71.199501,SCSE
Maquehue Airport,-38.76679993,-72.63710022,SCTC
El Tepual International Airport,-41.443093,-73.094065,SCTE
Panguilemo Airport,-35.3778,-71.6017,SCTL
Nuevo Chaitén Airport,-42.781943,-72.834999,SCTN
Victoria Airport,-38.245602,-72.348602,SCTO
Las Breas Airport,-25.564301,-70.3759,SCTT
Pichoy Airport,-39.65000153,-73.08609772,SCVD
Viña del Mar Airport,-32.9496,-71.4786,SCVM
Wadi Seidna Air Base,15.815213,32.51401,
João Durval Carneiro Airport,-12.200694,-38.906164,
Chachoán Regional Airport,-1.21207,-78.5746,SEAM
Francisco De Orellana Airport,-0.462886,-76.986801,SECO
Mariscal Lamar Airport,-2.88947,-78.984398,SECU
Seymour Galapagos Ecological Airport,-0.453758,-90.2659,SEGS
José Joaquín de Olmedo International Airport,-2.15742,-79.883598,SEGU
Jumandy Airport,-1.060185,-77.580525,SEJD
Cotopaxi International Airport,-0.906833,-78.615799,
Jose Maria Velasco Ibarra Airport,-4.378230095,-79.94100189,SEMA
Coronel E Carvajal Airport,-2.299170017,-78.1207962,SEMC
Eloy Alfaro International Airport,-0.946078002,-80.67880249,SEMT
Reales Tamarindos Airport,-1.04165,-80.472198,SEPV
Mariscal Sucre International Airport,-0.125399,-78.354306,SEQM
Santa Rosa - Artillery Colonel Victor Larrea International Airport,-3.441986,-79.996957,SERO
General Ulpiano Paez International Airport,-2.210057,-80.985067,SESA
Carlos Concha Torres International Airport,0.978519,-79.626602,SETN
Tarapoa Airport,-0.122956,-76.337799,SETR
Lieutenant Colonel Luis A. Mantilla International Airport,0.809506,-77.708099,SETU
Silvio Pettirossi International Airport,-25.240156,-57.519227,SGAS
Aeropuerto Nacional Juan de Ayolas,-27.378379,-56.856791,SGAY
Lieutenant Colonel Carmelo Peralta National Airport,-23.441609,-57.427039,SGCO
Teniente Ramon A. Ayub Gonzalez International Airport,-27.227537,-55.837584,SGEN
Guaraní International Airport,-25.457186,-54.839544,SGES
Aeropuerto Nacional de Salto del Guaira,-24.032844,-54.35267,
Itaipú Airport,-25.407818,-54.619457,SGIB
Dr. Luis María Argaña International Airport,-22.046499,-60.6217,SGME
Aeródromo Don Carlos Miguel Gimenez,-26.881981,-58.319067,SGPI
Aeropuerto Nacional Dr. Augusto Roberto Fuster,-22.641427,-55.829993,SGPJ
Santa Teresa Airport,-22.622487,-56.634393,
Gomez Nino Apiay Air Base,4.07607,-73.5627,SKAP
El Eden Airport,4.45278,-75.7664,SKAR
Tres De Mayo Airport,0.505228,-76.5008,SKAS
Las Flores Airport,9.04554,-73.9749,SKBC
Palonegro Airport,7.1265,-73.1848,SKBG
El Dorado International Airport,4.70159,-74.1469,SKBO
Ernesto Cortissoz International Airport,10.8896,-74.7808,SKBQ
José Celestino Mutis Airport,6.20292,-77.3947,SKBS
Gerardo Tobar López Airport,3.81963,-76.9898,SKBU
Camilo Daza International Airport,7.92757,-72.5115,SKCC
Rafael Nuñez International Airport,10.4424,-75.513,SKCG
Alfonso Bonilla Aragon International Airport,3.542717,-76.381898,SKCL
La Florida Airport,1.81442,-78.7492,SKCO
Juan H White Airport,7.96847,-75.1985,SKCU
Coveñas Airport,9.40092,-75.6913,SKCV
Las Brujas Airport,9.33274,-75.2856,SKCZ
El Bagre Airport,7.59647,-74.8089,SKEB
Yariguíes Airport,7.02433,-73.8068,SKEJ
Gustavo Artunduaga Paredes Airport,1.58919,-75.5644,SKFL
Santiago Vila Airport,4.27624,-74.7967,SKGI
Santa Ana Airport,4.75818,-75.9557,SKGO
Guapi Airport,2.57013,-77.897969,SKGP
Perales Airport,4.42161,-75.1333,SKIB
San Luis Airport,0.861946,-77.671783,SKIP
Antonio Roldán Betancur Airport,7.81196,-76.7164,SKLC
Jorge Isaac Airport,11.2325,-72.4901,SKLM
Alfredo Vásquez Cobo International Airport,-4.191147,-69.942003,SKLT
Enrique Olaya Herrera Airport,6.219686,-75.590597,SKMD
Baracoa Airport,9.28474,-74.8461,SKMG
Los Garzones Airport,8.82374,-75.8258,SKMR
Fabio Alberto Leon Bentley Airport,1.25366,-70.2339,SKMU
La Nubia Airport,5.0296,-75.4647,SKMZ
Benito Salas Airport,2.95015,-75.294,SKNV
Aguas Claras Airport,8.31506,-73.3583,SKOC
German Olano Airport,6.18472,-67.4932,SKPC
Obando Cesar Gaviria Trujillo Airport,3.85353,-67.9062,SKPD
Matecaña International Airport,4.81267,-75.7395,SKPE
Pitalito Airport,1.85777,-76.0857,SKPI
Guillermo León Valencia Airport,2.454359,-76.609253,SKPP
German Olano Air Base,5.48361,-74.6574,SKPQ
Antonio Nariño Airport,1.396722,-77.29093,SKPS
El Embrujo Airport,13.357461,-81.357977,SKPV
Paz de Ariporo Airport,5.876146,-71.886671,SKPZ
Mariquita Airport,5.21256,-74.8836,SKQU
Jose Maria Córdova International Airport,6.16454,-75.4231,SKRG
Almirante Padilla Airport,11.5262,-72.926,SKRH
Jorge E. Gonzalez Torres Airport,2.57969,-72.6394,SKSJ
Simón Bolívar International Airport,11.1196,-74.2306,SKSM
Gustavo Rojas Pinilla International Airport,12.5836,-81.7112,SKSP
Eduardo Falla Solano Airport,2.15217,-74.7663,SKSV
Tunja Airport,5.54138,-73.3445,
Gustavo Vargas Airport,6.45108,-71.7603,SKTM
Captain Ernesto Esguerra Cubides Air Base,0.7459,-75.234,SKTQ
Marandúa Air Base,5.52448,-68.6856,
Santiago Perez Airport,7.06888,-70.7369,SKUC
El Caraño Airport,5.69076,-76.6412,SKUI
Heriberto Gíl Martínez Airport,4.08836,-76.2351,SKUL
Alfonso López Pumarejo Airport,10.435,-73.2495,SKVP
Vanguardia Airport,4.16787,-73.6138,SKVV
El Alcaravan - Yopal Airport,5.31911,-72.384,SKYP
Alcantarí International Airport,-19.246835,-65.149611,SLAL
Bermejo Airport,-22.77330017,-64.31289673,SLBJ
Jorge Wilsterman International Airport,-17.421105,-66.177102,SLCB
Capitán Aníbal Arab Airport,-11.039109,-68.782774,SLCO
El Trompillo Airport,-17.81159973,-63.17150116,SLET
Guayaramerín Airport,-10.88856,-65.380955,
El Alto International Airport,-16.510272,-68.189416,SLLP
Juan Mendoza International Airport,-17.956151,-67.075829,SLOR
Capitan Nicolas Rojas Airport,-19.543331,-65.723734,SLPO
Capitán Av. Salvador Ogaya G. airport,-18.975301,-57.820599,SLPS
Capitán Av. Selin Zeitun Lopez Airport,-11.009355,-66.075468,SLRI
Santa Ana Del Yacuma Airport,-13.76220036,-65.43520355,SLSA
Juana Azurduy de Padilla Air Force Base,-19.007099,-65.288696,SLSU
San Ignacio de Velasco Airport,-16.401239,-61.0452,
Capitan Oriel Lea Plaza Airport,-21.5557,-64.701302,SLTJ
Teniente Av. Jorge Henrich Arauz Airport,-14.8187,-64.917999,SLTR
Joya Andina International Airport,-20.441304,-66.857553,SLUY
Teniente Coronel Rafael Pabón Airport,-21.25519943,-63.4056015,SLVM
Viru Viru International Airport,-17.6448,-63.135399,SLVR
Yacuiba Airport,-21.96089935,-63.65169907,SLYA
Johan Adolf Pengel International Airport,5.45283,-55.187801,SMJP
Dr. Luciano de Arruda Coelho Regional Airport,-3.614488,-40.231426,
Planalto Serrano Regional Airport,-27.634128,-50.358253,SNCP
Linhares Municipal Airport,-19.355202,-40.07128,
Quixadá Airport,-4.979006,-38.987622,
Cayenne – Félix Eboué Airport,4.819964,-52.361326,SOCA
Maripasoula Airport,3.655907,-54.039431,SOOA
Saint-Georges-de-l'Oyapock Airport,3.8976,-51.8041,SOOG
Saint-Laurent-du-Maroni Airport,5.481891,-54.034964,SOOM
Teniente General Gerardo Pérez Pinedo Airport,-10.7291,-73.766502,SPAY
Caballococha Airport,-3.916860104,-70.5082016,
Iberia Airport,-11.4116,-69.488701,SPBR
Cap FAP David Abenzur Rengifo International Airport,-8.378064,-74.574495,SPCL
FAP Lieutenant Jaime Andres de Montreuil Morales Airport,-9.14961,-78.523804,SPEO
Capitán FAP José A. Quiñones González International Airport,-6.789223,-79.828254,SPHI
Air Force Colonel Alfredo Mendivil Duarte Airport,-13.1548,-74.204399,SPHO
Comandante FAP German Arias Graziani Airport,-9.347439766,-77.5983963,SPHZ
Jorge Chávez International Airport,-12.0219,-77.114305,SPJC
Juan Simons Vela Airport,-6.06786,-77.160004,SPJA
Shumba Airport,-5.59248,-78.774002,SPJE
Juanjui Airport,-7.1691,-76.7286,SPJI
Francisco Carle Airport,-11.78310013,-75.4733963,SPJJ
Inca Manco Capac International Airport,-15.467689,-70.15653,SPJL
Mayor General FAP Armando Revoredo Iglesias Airport,-7.13918,-78.489403,SPJR
General Jorge Fernandez Maldon Airport,-17.695,-71.344002,SPLO
Captain Pedro Canga Rodríguez International Airport,-3.552074,-80.381086,SPME
Moises Benzaquen Rengifo Airport,-5.89377,-76.118202,SPMS
Alferez Fap David Figueroa Fernandini Airport,-9.878809929,-76.20480347,SPNC
Chachapoyas Airport,-6.201911,-77.856195,SPPY
Coronel FAP Francisco Secada Vignetta International Airport,-3.78474,-73.3088,SPQT
Rodríguez Ballón International Airport,-16.340786,-71.569485,SPQU
Capitán FAP Carlos Martínez de Pinillos International Airport,-8.082382,-79.108821,SPRU
Captain Renán Elías Olivera International Airport,-13.7449,-76.220299,SPSO
Cadete FAP Guillermo Del Castillo Paredes Airport,-6.508739948,-76.37319946,SPST
Coronel FAP Carlos Ciriani Santa Rosa International Airport,-18.05330086,-70.27580261,SPTN
Padre Aldamiz International Airport,-12.61359978,-69.22859955,SPTU
PAF Captain Guillermo Concha Iberico International Airport,-5.20575,-80.616402,SPUR
Captain Victor Montes Arias International Airport,-4.57664,-81.254097,SPYL
Maria Reiche Neuman Airport,-14.854,-74.961502,SPZA
Alejandro Velasco Astete International Airport,-13.53569984,-71.938797,SPZO
Ángel S. Adami International Airport,-34.7892,-56.264702,
Santa Bernardina International Airport,-33.358898,-56.499199,SUDU
Capitan Corbeta CA Curbelo International Airport,-34.855099,-55.094299,SULS
Carrasco General Cesáreo L. Berisso International Airport,-34.835647,-56.026497,SUMU
Tydeo Larre Borges Airport,-32.3633,-58.061901,SUPU
Pres. Gral. Óscar D. Gestido Binational Airport,-30.9746,-55.4762,SURV
Nueva Hesperides International Airport,-31.438499,-57.985298,SUSO
Oswaldo Guevara Mujica Airport,9.553375,-69.237869,SVAC
Anaco Airport,9.430225,-64.470726,SVAN
General José Antonio Anzoategui International Airport,10.111111,-64.692222,SVBC
Barinas Airport,8.615,-70.214167,SVBI
El Libertador Airbase,10.183375,-67.55732,
Jacinto Lara International Airport,10.042747,-69.35862,SVBM
Escuela Mariscal Sucre Airport,10.249978,-67.649422,SVBS
General Tomas de Heres Airport,8.122161,-63.536957,SVCB
Caicara del Orinoco Airport,7.62551,-66.162804,SVCD
Calabozo Airport,8.924656,-67.417091,SVCL
Canaima Airport,6.231989,-62.85485,SVCN
General Francisco Bermúdez Airport,10.660014,-63.261681,SVCP
José Leonardo Chirinos Airport,11.414944,-69.680901,SVCR
Caracas Óscar Machado Zuloaga International Airport,10.286874,-66.815847,SVCS
Antonio José de Sucre Airport,10.450333,-64.13047,SVCU
El Dorado Airport,6.71573,-61.638786,SVED
Elorza Airport,7.059677,-69.4967,SVEZ
Generalissimo Francisco de Miranda Air Base,10.485033,-66.843513,
Guasdualito Airport,7.210834,-70.756386,SVGD
Guiria Airport,10.57407761,-62.31266785,SVGI
Guanare Airport,9.026944,-69.75515,SVGU
Josefa Camejo International Airport,11.780775,-70.151497,SVJC
San Juan de Los Morros Airport,9.906953,-67.379639,SVJM
La Fria Airport,8.239167,-72.271027,SVLF
La Orchila Airport,11.80823,-66.180768,
La Chinita International Airport,10.557542,-71.729307,SVMC
Alberto Carnevalli Airport,8.582078,-71.161041,SVMD
Del Caribe Santiago Mariño International Airport,10.912603,-63.966599,SVMG
Maiquetía Simón Bolívar International Airport,10.602214,-66.991174,SVMI
Metropolitano International Airport,10.133169,-66.787827,SVMP
José Tadeo Monagas International Airport,9.749023,-63.153348,SVMT
Cacique Aramare Airport,5.61999,-67.606102,SVPA
General Bartolome Salom International Airport,10.4805,-68.072998,SVPC
Paramillo Airport,7.801389,-72.202778,SVPM
General Manuel Carlos Piar International Airport,8.28853,-62.760399,SVPR
Palmarito Airport,7.575479,-70.174435,SVPT
Juan Vicente Gómez International Airport,7.840809,-72.439878,SVSA
Santa Elena de Uairén Airport,4.554699,-61.145234,SVSE
Mayor Buenaventura Vivas International Airport,7.56538,-72.035103,SVSO
Sub Teniente Nestor Arias Airport,10.2787,-68.755203,SVSP
San Fernando de Apure Las Flecheras National Airport,7.88332,-67.444,SVSR
San Tomé Airport,8.945146561,-64.1510849,SVST
Miguel Urdaneta Fernández Airport,8.97455,-71.943253,SVSZ
Tucupita Airport,9.088994,-62.094173,SVTC
Tumeremo Airport,7.24938,-61.52893,SVTM
Arturo Michelena International Airport,10.149733,-67.928398,SVVA
Juan Pablo Pérez Alfonso Airport,8.624139,-71.672668,SVVG
Dr. Antonio Nicolás Briceño Airport,9.340478,-70.584061,SVVL
Valle de La Pascua Airport,9.222027779,-65.99358368,SVVP
Araguaína Airport,-7.22787,-48.240501,SWGN
Cheddi Jagan International Airport,6.49855,-58.254101,SYCJ
Eugene F. Correia International Airport,6.805881,-58.107657,SYEC
Kaieteur Airport,5.177349,-59.48898,SYKA
Lethem Airport,3.37276,-59.789398,SYLT
V. C. Bird International Airport,17.1367,-61.792702,TAPA
Grantley Adams International Airport,13.074667,-59.491034,TBPB
Canefield Airport,15.336693,-61.392108,TDCF
Douglas-Charles Airport,15.546673,-61.301082,TDPD
Martinique Aimé Césaire International Airport,14.591,-61.003201,TFFF
Grand Case-l'Espérance Airport,18.100057,-63.047444,TFFG
St. Jean Airport,17.904398,-62.843333,TFFJ
Marie-Galante Airport,15.868925,-61.270087,TFFM
Maryse Condé International Airport,16.265443,-61.532754,TFFR
Maurice Bishop International Airport,12.003996,-61.785302,TGPY
Cyril E. King Airport,18.337091,-64.977251,TIST
Henry E. Rohlsen Airport,17.701413,-64.802608,TISX
Khovaling Airport,38.364134,69.986299,
Gissar Air Base,38.51229858,68.67250061,
Farkhor Air Base,37.46979904,69.38079834,
Antonio Nery Juarbe Pol Airport,18.45085,-66.675768,TJAB
Rafael Hernández International Airport,18.4949,-67.129402,TJBQ
Benjamin Rivera Noriega Airport,18.312954,-65.303893,TJCP
Fernando Luis Ribas Dominicci Airport,18.45680046,-66.09809875,TJIG
Eugenio Maria De Hostos Airport,18.25569916,-67.14849854,TJMZ
Mercedita International Airport,18.008301,-66.563004,TJPS
José Aponte de la Torre Airport,18.247262,-65.63979,TJRV
Luis Munoz Marin International Airport,18.4394,-66.001801,TJSJ
Antonio Rivera Rodriguez Airport,18.1348,-65.493599,TJVQ
Robert L. Bradshaw International Airport,17.310845,-62.719117,TKPK
Vance W. Amory International Airport,17.2057,-62.589901,TKPN
George F. L. Charles Airport,14.0202,-60.992901,TLPC
Hewanorra International Airport,13.7332,-60.952599,TLPL
Balkanabat International Airport,39.681052,54.206008,UTAN
Mary North Airport,37.66429901,61.82699966,
Queen Beatrix International Airport,12.501056,-70.014281,TNCA
Flamingo International Airport,12.131,-68.268501,TNCB
Hato International Airport,12.1889,-68.959801,TNCC
F. D. Roosevelt Airport,17.4965,-62.979401,TNCE
Princess Juliana International Airport,18.041,-63.108898,TNCM
Juancho E. Yrausquin Airport,17.64533,-63.220514,TNCS
Clayton J. Lloyd International Airport,18.204773,-63.05383,TQPF
Temelli Air Base,39.73885727,32.37863922,
Çukurhisar Airport,39.84389877,30.96800041,
Keşan Air Base,40.787068,26.606655,
John A. Osborne Airport,16.791835,-62.193204,TRPG
A.N.R. Robinson International Airport,11.149571,-60.831298,TTCP
Piarco International Airport,10.59535,-61.337568,TTPP
Terrance B. Lettsome International Airport,18.445492,-64.541707,TUPJ
Virgin Gorda Airport,18.446634,-64.427932,TUPW
Argyle International Airport,13.159725,-61.148801,TVSA
J F Mitchell Airport,12.9884,-61.262001,TVSB
Canouan Airport,12.699,-61.3424,TVSC
Mustique Airport,12.8879,-61.180199,TVSM
Union Island International Airport,12.600135,-61.411945,TVSU
Zuoying Naval Airfield,22.705,120.280998,
L.F. Wade International Airport,32.363802,-64.67824,TXKF
Nizhyn Air Base,51.088535,31.870995,
Oktyabrskoe Air Base,45.31999969,34.09999847,
Kirovskoe Air Base,45.16699982,35.18299866,
Melitopol Air Base,46.880001,35.305,
Kacha Air Base,44.779764,33.572245,UKKA
Bila Tserkva Air Base,49.795228,30.024435,
Zhovtneve Air Base,45.639999,28.67,
Dolgintsevo Air Base,47.887,33.533,
Batken Airport,40.042899,70.83784,UCFB
Almaty International Airport,43.354267,77.042828,UAAA
Balkhash Airport,46.894246,75.004533,UAAH
Taldykorgan Airport,45.12255,78.442758,UAAT
Nursultan Nazarbayev International Airport,51.027035,71.467094,UACC
Kokshetau International Airport,53.329102,69.594597,UACK
Petropavl International Airport,54.775622,69.187415,UACP
Taraz International Airport,42.8536,71.303596,UADD
Manas International Airport,43.061298,74.4776,UCFM
Osh International Airport,40.609001,72.793297,UCFO
Karakol International Airport,42.508099,78.407799,UCFK
Kant Air Base,42.85319901,74.84649658,
Shymkent International Airport,42.365021,69.47564,UAII
Hazrat Sultan International Airport,43.311087,68.550352,UAIT
Zhezkazgan National Airport,47.708953,67.738094,UAKD
Sary-Arka Airport,49.670799,73.334396,UAKK
Baikonur Krayniy International Airport,45.621994,63.210773,UAOL
Yubileyniy Airfield,46.052421,63.249185,UAON
Korkyt Ata International Airport,44.706902,65.592499,UAOO
Manshuk Mametova International Airport,51.151976,51.543652,UARR
Ayaguz Airport,47.919218,80.452194,
Ekibastuz Airport,51.5909996,75.21499634,UASB
Oskemen International Airport,50.035033,82.496057,UASK
Pavlodar International Airport,52.194982,77.073088,UASP
Semei International Airport,50.351295,80.234398,UASS
Aktau International Airport,43.860093,51.09086,UATE
Atyrau International Airport,47.121318,51.820343,UATG
Shalkar Airport,47.904999,59.619999,
Aktobe International Airport,50.248116,57.204144,UATT
Kostanay International Airport,53.206902,63.550301,UAUU
Nasosnaya Air Base,40.591599,49.5574,UBBI
Khojaly Airport,39.901402,46.786999,UBBS
Kyurdamir Air Base,40.27360153,48.16360092,
Baku Kala Air Base,40.408409,50.200287,
Heydar Aliyev International Airport,40.47278,50.050931,UBBB
Ganja International Airport,40.738692,46.320383,UBBG
Nakhchivan International Airport,39.188801,45.458401,UBBN
Gabala International Airport,40.808617,47.725389,UBBQ
Zaqatala International Airport,41.557823,46.669464,UBBY
Lachin International Airport,39.883787,46.363137,UBLC
Issyk-Kul International Airport,42.585584,76.701181,UCFL
Shirak International Airport,40.750401,43.859299,UDSG
Erebuni Airport,40.12210083,44.46500015,
Zvartnots International Airport,40.148941,44.397887,UDYZ
Platon Oyunsky Yakutsk International Airport,62.0933,129.770996,UEEE
Chulman Airport,56.91389847,124.9140015,UELL
Moma Airport,66.450861,143.261551,UEMA
Magan Airport,62.103484,129.545288,UEMM
Olyokminsk Airport,60.401833,120.476094,UEMO
Ust-Nera Airport,64.550003,143.115005,UEMT
Kyzyl-Syr Airport,63.88499832,122.7770004,
Vilyuisk Airport,63.756668,121.693336,UENW
Aykhal Airport,65.959198,111.546501,
Lensk Airport,60.72060013,114.8259964,UERL
Polyarny Airport,66.400398,112.029999,UERP
Mirny Airport,62.53469849,114.0390015,UERR
Saskylakh Airport,71.927902,114.080002,UERS
Belaya Gora Airport,68.556227,146.22784,UESG
Srednekolymsk Airport,67.4805,153.7364,UESK
Chokurdakh Airport,70.6231,147.901993,UESO
Cherskiy Airport,68.74060059,161.3379974,UESS
Tiksi Airport,71.6977005,128.9029999,UEST
Zyryanka Airport,65.7485,150.8889,UESU
Zhigansk Airport,66.79650116,123.3610001,UEVV
Savannah Airstrip,-0.7165,29.6997,
Gudauta Air Base,43.104,40.5793,
Dollyar Air Base,40.8876,45.957001,
Tbilisi Marneuli Air Base,41.459202,44.783199,
Tbilisi Soganlug Air Base,41.64920044,44.93640137,
Vaziani Air Base,41.627998,45.0308,
Bolshiye Shiraki Air Base,41.37950134,46.36729813,
Ambrolauri Airport,42.52687,43.13538,UGAM
David the Builder Kutaisi International Airport,42.177448,42.485353,UGKO
Alexander Kartveli Batumi International Airport,41.60939,41.600315,UGSB
Vladislav Ardzinba Sukhum International Airport,42.8582,41.128101,UGSS
Tbilisi International Airport,41.669201,44.9547,UGTB
Ignatyevo Airport,50.42539978,127.4120026,UHBB
Khabarovsk Novy Airport,48.528338,135.188588,UHHH
Dzemgi Airport,50.605598,137.080994,
Kamenny Ruchey Naval Air Base,49.235703,140.1931,UHKG
Komsomolsk-on-Amur Airport,50.4090004,136.9340057,UHKK
Sovetskaya Gavan (Maygatka) Airport,48.925067,140.035348,UHKM
Ugolny Yuri Ryktheu Airport,64.734902,177.740997,UHMA
Provideniya Bay Airport,64.37809753,-173.2429962,UHMD
Omsukchan Airport,62.457001,155.744995,
Chaybukha Airport,61.834999,160.548004,
Keperveem Airport,67.845001,166.139999,UHMK
Sokol Airport,59.9109993,150.7200012,UHMM
Pevek Airport,69.783302,170.597,UHMP
Seymchan Airport,62.92078,152.422775,UHMS
Magadan-13 Airport,59.62329865,150.9219971,
Severo-Evensk Airport,61.921786,159.229059,UHMW
Nikolayevsk-na-Amure Airport,53.154999,140.649994,UHNN
Okhotsk Airport,59.410065,143.056503,UHOO
Palana Airport,59.082064,159.891577,
Yelizovo Airport,53.168716,158.451068,UHPP
Yuzhno-Sakhalinsk International Airport,46.885461,142.717466,UHSS
Vladivostok International Airport,43.396256,132.148155,UHWW
Chita-Kadala International Airport,52.024841,113.305839,UIAA
Krasnokamensk Airport,50.033108,118.061142,
Bratsk Airport,56.3696,101.701822,UIBB
Zheleznogorsk Airport,56.487701,104.106003,
Irkutsk International Airport,52.266707,104.395563,UIII
Ust-Kut Airport,56.856701,105.730003,UITT
Baikal International Airport,51.808614,107.439652,UIUU
Boryspil International Airport,50.345001,30.894699,UKBB
Mariupol International Airport,47.0760994,37.44960022,UKCM
Berdyansk Airport,46.814999,36.758099,UKDB
Dnipro International Airport,48.357201,35.100601,UKDD
Zaporizhzhia International Airport,47.866962,35.314723,UKDE
Kryvyi Rih International Airport,48.04330063,33.20999908,UKDR
Sevastopol International Airport / Belbek Air Base,44.691822,33.57462,UKFB
Simferopol International Airport,45.0522,33.975101,UKFF
Gvardeyskoye (Hvardiiske) Air Base,45.116192,33.976625,
Saky Air Base,45.090611,33.598536,
Dzhankoy Air Base,45.700901,34.4189,
Kharkiv International Airport,49.926943,36.290814,UKHH
Cherkasy International Airport,49.4156,31.9953,UKKE
Ihor Sikorsky Kyiv International Airport (Zhuliany),50.40194,30.45194,UKKK
Hostomel Airport,50.6035,30.1919,
Ozerne Air Base,50.158298,28.7383,
Khmelnytskyi Airport,49.359699,26.933399,UKLH
Ivano-Frankivsk International Airport,48.88420105,24.68610001,UKLI
Lviv International Airport,49.8125,23.9561,UKLL
Chernivtsi International Airport,48.25930023,25.98080063,UKLN
Rivne International Airport,50.60710144,26.14159966,UKLR
Uzhhorod International Airport,48.6343,22.263399,UKLU
Kherson International Airport,46.6758,32.506401,UKOH
Odesa International Airport,46.427196,30.672649,UKOO
Vinnytsia/Gavyryshivka International Airport,49.242531,28.613778,UKWW
Talagi Airport,64.60030365,40.71670151,ULAA
Vaskovo Airport,64.441704,40.4217,
Naryan Mar Airport,67.639999,53.121899,ULAM
Amderma Airport,69.76329803,61.5564003,ULDD
Kotlas Airport,61.2358017,46.69749832,ULKK
Pulkovo Airport,59.800301,30.262501,ULLI
Pushkin Airport,59.685001,30.338301,
Emperor Nicholas II Murmansk Airport,68.7817,32.750801,ULMM
Princess Olga Pskov International Airport,57.781316,28.39384,ULOO
Petrozavodsk Airport,61.885201,34.154701,ULPB
Peski Airfield,61.831944,34.295555,ULPP
Cherepovets Airport,59.27360153,38.01580048,ULWC
Velikiy Ustyug Airport,60.7883,46.259998,ULWU
Vologda Airport,59.282501,39.944401,ULWW
Brest International Airport,52.108138,23.89676,UMBB
Gomel Airport,52.52700043,31.01670074,UMGG
Vitebsk Vostochny Airport,55.12649918,30.34959984,UMII
Khrabrovo Airport,54.89161,20.598559,UMKK
Baranavichi Air Base,53.099998,26.049999,
Hrodna Airport,53.602001,24.053801,UMMG
Minsk National Airport,53.888071,28.039964,UMMS
Babruisk Air Base,53.105,29.205,
Mogilev Airport,53.95489883,30.0951004,UMOO
Abakan International Airport,53.740002,91.385002,UNAA
Barnaul Gherman Titov International Airport,53.361285,83.539701,UNBB
Gorno-Altaysk Airport,51.969204,85.836539,UNBG
Alexei Leonov Kemerovo International Airport,55.2701,86.107201,UNEE
Baykit Airport,61.676701,96.355003,
Yeniseysk Airport,58.474201,92.112503,UNII
Podkamennaya Tunguska Airport,61.589699,89.994003,UNIP
Severo-Yeniseysk Airport,60.373299,93.011703,
Vanavara Airport,60.356229,102.309641,
Krasnoyarsk International Airport,56.175743,92.485788,UNKL
Krasnoyarsk Cheremshanka Airport,56.177584,92.545881,
Achinsk Airport,56.269185,90.57511,UNKS
Kyzyl Airport,51.669399,94.400597,UNKY
Yeltsovka Airport,55.0924,83.004501,
Novosibirsk Tolmachevo Airport,55.019756,82.618675,UNNT
Omsk Central Airport,54.963124,73.312418,UNOO
Omsk Severny Airport,54.974998,73.555,
Strezhevoy Airport,60.7094,77.660004,UNSS
Tomsk Kamov Airport,56.380299,85.208298,UNTT
Spichenkovo Airport,53.811401,86.877197,UNWW
Dikson Airport,73.517807,80.379669,UODD
Nagurskoye Airfield,80.803207,47.663586,UODN
Khatanga Airport,71.97810364,102.4909973,UOHH
Svetlogorsk Airport,66.839996,88.403336,
Igarka Airport,67.437202,86.621902,UOII
Alykel International Airport,69.307951,87.325906,UOOO
Anapa Vityazevo Airport,45.002102,37.347301,URKA
Gelendzhik Airport,44.58209263,38.01248074,URKG
Krasnodar Pashkovsky International Airport,45.034465,39.174215,URKK
Akhmat Kadyrov Grozny International Airport,43.388106,45.699772,URMG
Makhachkala Uytash International Airport,42.816799,47.652302,URML
Mineralnye Vody Airport,44.225101,43.081902,URMM
Nalchik Airport,43.512901,43.6366,URMN
Vladikavkaz Beslan International Airport,43.205101,44.606602,URMO
Magas Airport,43.323268,45.012568,URMS
Stavropol Shpakovskoye Airport,45.10919952,42.1128006,URMT
Dudinka Airport,69.375,86.15667,
Platov International Airport,47.493888,39.924722,URRP
Taganrog Yuzhny Airport,47.1983333,38.8491667,URRT
Sochi International Airport,43.449902,39.9566,URSS
Astrakhan Narimanovo Boris M. Kustodiev International Airport,46.282843,48.010511,URWA
Elista Airport,46.37390137,44.33089828,URWI
Volgograd International Airport,48.78134,44.339194,URWW
Kurchatov Chelyabinsk International Airport,55.303141,61.504927,USCC
Magnitogorsk International Airport,53.391991,58.755235,USCM
Sabetta International Airport,71.219167,72.052222,USDA
Bovanenkovo Airport,70.315278,68.333611,USDB
Salekhard Airport,66.59079742,66.61100006,USDD
Berezovo Airport,63.92100143,65.03050232,
Khanty Mansiysk Airport,61.0285,69.086098,USHH
Nyagan Airport,62.110001,65.614998,USHN
Beloyarskiy Airport,63.686901,66.698601,USHQ
Sovetskiy Airport,61.32662201,63.60191345,USHS
Uray Airport,60.103298,64.826698,USHU
Izhevsk Airport,56.834524,53.462172,USII
Pobedilovo Airport,58.503883,49.347831,USKK
Nadym Airport,65.48090363,72.69889832,USMM
Novy Urengoy Airport,66.06939697,76.52030182,USMU
Nizhnevartovsk Airport,60.949299,76.483597,USNN
Perm International Airport,57.914501,56.021198,USPP
Kogalym International Airport,62.19039917,74.53379822,USRK
Nefteyugansk Airport,61.108299,72.650002,USRN
Noyabrsk Airport,63.18330002,75.26999664,USRO
Surgut International Airport,61.340501,73.405782,USRR
Uktus Airport,56.701698,60.790001,
Koltsovo Airport,56.74309921,60.80270004,USSS
Tobolsk Remezov Airport,58.059712,68.347997,
Roshchino International Airport,57.178984,65.327696,USTR
Kurgan Airport,55.4753,65.415604,USUU
Ashgabat Bezmein Air Base,38.012001,58.195,
Ashgabat International Airport,37.986801,58.361,UTAA
Turkmenbaşy International Airport,40.062833,53.005085,UTAK
Mary International Airport,37.62353,61.895668,UTAM
Dashoguz International Airport,41.759853,59.836149,UTAT
Türkmenabat International Airport,38.930662,63.563982,UTAV
Dushanbe International Airport,38.543746,68.822977,UTDD
Kulob International Airport,37.988098,69.805,UTDK
Khujand International Airport,40.215401,69.694702,UTDL
Bokhtar International Airport,37.866315,68.864475,UTDT
Namangan International Airport,40.984622,71.5578,UZFN
Andijan International Airport,40.727699,72.293999,UZFA
Fergana International Airport,40.358799,71.745003,UZFF
Nukus International Airport,42.4884,59.623299,UZNN
Urgench International Airport,41.58274,60.64338,UZNU
Navoi International Airport,40.117599,65.172658,UZSA
Bukhara International Airport,39.775319,64.482279,UZSB
Samarkand International Airport,39.701842,66.981467,UZSS
Termez Airport,37.287261,67.311869,UZST
Tashkent-Khumo International Airport,41.312889,69.395535,UZTP
Tashkent International Airport,41.2579,69.281197,UZTT
Zomin Airport,40.01402,68.41103,UZTZ
Kostroma Sokerkino Airport,57.796902,41.019402,UUBA
Grabtsevo Airport,54.54999924,36.3666687,UUBC
Ivanovo South Airport,56.93939972,40.94079971,UUBI
Staroselye Airport,58.104198,38.929401,UUBK
Bryansk International Airport,53.214403,34.175965,UUBP
Zhukovsky International Airport,55.553299,38.150002,UUBW
Domodedovo International Airport,55.408798,37.9063,UUDD
Golden Ring Yaroslavl International Airport,57.560699,40.157398,UUDL
Sheremetyevo International Airport,55.976858,37.41121,UUEE
Migalovo Air Base,56.8246994,35.75770187,UUEM
Tretyakovo Airport,54.904999,39.026669,
Chkalovskiy Air Base,55.8783,38.061699,UUMU
Belgorod International Airport,50.64379883,36.59009933,UUOB
Kursk East Airport,51.75059891,36.29560089,UUOK
Lipetsk Airport,52.70280075,39.53779984,UUOL
Voronezh International Airport,51.814324,39.230948,UUOO
Donskoye Airport,52.806099,41.4828,UUOT
Vnukovo International Airport,55.591499,37.261501,UUWW
Ukhta Airport,63.566898,53.804699,UUYH
Inta Airport,66.053372,60.105786,UUYI
Vuktyl Airport,63.823299,57.279999,
Pechora Airport,65.121101,57.130798,UUYP
Usinsk Airport,66.0047,57.367199,UUYS
Izhma Airport,65.0317,53.970001,
Vorkuta Airport,67.488602,63.993099,UUYW
Ust-Tsylma Airport,65.437294,52.200336,UUYX
Syktyvkar Airport,61.64699936,50.8451004,UUYY
Nizhny Novgorod / Strigino International Airport,56.227351,43.785152,UWGG
Bugulma Airport,54.641184,52.800229,UWKB
Kazan International Airport,55.606201,49.278702,UWKD
Begishevo Airport,55.564701,52.092499,UWKE
Borisoglebskoye Airport,55.866699,49.133301,
Yoshkar-Ola Airport,56.7006,47.904701,UWKJ
Cheboksary Airport,56.090302,47.347301,UWKS
Ulyanovsk Baratayevka Airport,54.27016,48.225569,UWLL
Ulyanovsk Vostochny Airport,54.401001,48.8027,UWLW
Orenburg Central Airport,51.792668,55.457229,UWOO
Orsk Airport,51.072498,58.5956,UWOR
Penza Airport,53.1106,45.021099,UWPP
Saransk International Airport,54.12513,45.212257,UWPS
Balakovo Airport,51.858299,47.745602,UWSB
Gagarin International Airport,51.712778,46.171111,UWSG
Ufa International Airport,54.55749893,55.87440109,UWUU
Buguruslan Severny Airport,53.718399,52.371899,
Bezymyanka Airfield,53.220001,50.325001,
Kurumoch International Airport,53.504902,50.164299,UWWW
"Rewa Airport, Chorhata, REWA",24.503401,81.220299,
Gondia Airport,21.526817,80.290347,VAGD
Sardar Vallabh Patel International Airport,23.0772,72.634697,VAAH
Akola Airport,20.698931,77.056883,VAAK
Aurangabad Airport,19.862875,75.396312,VAAU
Chhatrapati Shivaji Maharaj International Airport,19.088699,72.867897,VABB
Bhuj Airport,23.28779984,69.67019653,VABJ
Belagavi Airport,15.8593,74.618301,VOBM
Vadodara International Airport,22.336201,73.226303,VABO
Raja Bhoj International Airport,23.2875,77.337402,VABP
Bhavnagar Airport,21.75219917,72.18520355,VABV
Daman Airport,20.434401,72.843201,VADN
Hubballi Airport,15.361084,75.082096,VOHB
Rajkot International Airport,22.378824,71.039391,VAHS
Devi Ahilya Bai Holkar International Airport,22.721404,75.80051,VAID
Jabalpur Airport,23.177799,80.052002,VAJB
Jamnagar Airport,22.46549988,70.01260376,VAJM
Kandla Airport,23.1127,70.100304,VAKE
Khajuraho Airport,24.8172,79.918602,
Kolhapur Airport,16.6647,74.289398,VAKP
Keshod Airport,21.317101,70.270401,VAKS
Murod Kond Airport,18.411501,76.464699,VALT
Nanded Airport,19.1833,77.316704,
Dr. Babasaheb Ambedkar International Airport,21.092199,79.047203,VANP
Nashik International Airport,20.119101,73.912903,VAOZ
Pune International Airport,18.5821,73.919701,VAPO
Porbandar Airport,21.649524,69.656405,VAPR
Ratnagiri Airport,17.013599,73.327797,VARG
Rajkot Airport,22.3092,70.779503,VARK
Swami Vivekananda Airport,21.180401,81.7388,
Shirdi International Airport,19.689211,74.373655,VASD
Solapur Airport,17.62800026,75.93479919,VASL
Surat International Airport,21.115531,72.743251,VASU
Maharana Pratap Airport,24.61770058,73.89610291,VAUD
Bandaranaike International Colombo Airport,7.180759907,79.88410187,VCBI
Anuradhapura Airport,8.301542,80.42848,VCCA
Batticaloa International Airport,7.705073,81.677163,VCCB
Colombo Ratmalana International Airport,6.821638,79.885859,VCCC
Ampara Airport,7.336745,81.623869,VCCG
Hingurakgoda Air Force Base,8.04981,80.9814,VCCH
Jaffna International Airport,9.79233,80.070099,VCCJ
Koggala Airport,5.99368,80.32029724,VCCK
China Bay Airport,8.539159,81.18128,VCCT
Mattala Rajapaksa International Airport,6.283878,81.124163,VCRI
Battambang Airport,13.0956,103.223999,VDBG
Phnom Penh International Airport,11.547155,104.844699,VDPP
Ratanakiri Airport,13.72999954,106.9869995,VDRK
Siem Reap-Angkor International Airport,13.36974,104.223831,VDSA
Sihanouk International Airport,10.570557,103.632067,VDSV
Along Airport,28.1753006,94.80200195,VEAN
Agartala - Maharaja Bir Bikram Airport,23.886999,91.240402,VEAT
Bagdogra Airport,26.6812,88.328598,VEBD
Shillong Airport,25.70359993,91.97869873,VEBI
Lal Bahadur Shastri International Airport,25.452171,82.862549,VEBN
Biju Patnaik International Airport,20.251021,85.814747,VEBS
Bilaspur Airport,21.9884,82.111,VEBU
Netaji Subhash Chandra Bose International Airport,22.654012,88.44765,VECC
Dhanbad Airport,23.834,86.425301,VEDB
Kazi Nazrul Islam Airport,23.6225,87.243,VEDG
Darbhanga Airport,26.192801,85.916901,VEDH
Gorakhpur Airport,26.73970032,83.4496994,VEGK
Lokpriya Gopinath Bordoloi International Airport,26.106654,91.585226,VEGT
Gaya Airport,24.744301,84.951202,VEGY
Hashimara Air Force Station,26.698299,89.369102,VEHX
Bir Tikendrajit International Airport,24.76,93.896698,VEIM
Sonari Airport,22.813706,86.168981,VEJS
Jorhat Airport,26.730456,94.175416,VEJT
Kushinagar International Airport,26.776534,83.889214,VEKI
Kailashahar Airport,24.308657,92.00768,VEKR
Silchar Airport,24.91290092,92.97869873,VEKU
Lengpui Airport,23.840599,92.619698,VELP
Lilabari North Lakhimpur Airport,27.295682,94.097266,VELR
Dibrugarh Airport,27.48390007,95.01689911,VEMN
Dimapur Airport,25.88389969,93.77110291,VEMR
Muzaffarpur Airport,26.119101,85.313698,VEMZ
Panagarh Air Force Station,23.47430038,87.42749786,
Jay Prakash Narayan Airport,25.591299,85.087997,VEPT
Birsa Munda Airport,23.31430054,85.32170105,VERC
Rourkela Airport,22.256571,84.815193,VERK
Tezpur Airport,26.70910072,92.78469849,VETZ
Utkela Airport,20.097778,83.183333,VEUK
Visakhapatnam International Airport,17.723506,83.227729,VOVZ
Ziro Airport,27.588301,93.828102,VEZO
Barisal Airport,22.801001,90.301201,VGBR
Cox's Bazar Airport,21.457517,91.963263,VGCB
Shah Amanat International Airport,22.249599,91.813301,VGEG
Hazrat Shahjalal International Airport,23.843347,90.397783,VGHS
Ishurdi Airport,24.1525,89.0494,VGIS
Jessore Airport,23.1838,89.160797,VGJR
Shah Makhdum Airport,24.437201,88.616501,VGRJ
Saidpur Airport,25.759199,88.908897,VGSD
Osmany International Airport,24.963071,91.866903,VGSY
Hong Kong International Airport,22.31184,113.914862,VHHH
Shek Kong Air Base,22.4366,114.080002,VHSK
Agra Airport / Agra Air Force Station,27.157975,77.961025,VIAG
Prayagraj Airport,25.4401,81.733902,VEAB
Ambala Air Force Station,30.368099,76.816704,
Sri Guru Ram Das Ji International Airport,31.7096,74.797302,VIAR
Nal Airport,28.070601,73.207199,VIBK
Kullu Manali Airport,31.876699,77.154404,VIBR
Bhatinda Air Force Station,30.2701,74.755798,VIBT
Bareilly Air Force Station,28.4221,79.450798,VIBY
Shaheed Bhagat Singh International Airport,30.6735,76.788498,VICG
Kanpur Airport,26.404301,80.410103,
Safdarjung Airport,28.585453,77.203563,VIDD
Dehradun Jolly Grant Airport,30.189243,78.176651,VIDN
Indira Gandhi International Airport,28.55563,77.09519,VIDP
Kangra Airport,32.164902,76.263018,VIGG
Gwalior Airport,26.29330063,78.22779846,VIGR
Maharaja Agrasen International Airport,29.186065,75.74142,VIHR
Halwara International Airport,30.748501,75.629799,VIHX
Jodhpur Airport,26.25110054,73.04889679,VIJO
Jaipur International Airport,26.8242,75.812202,VIJP
Jaisalmer Airport,26.8887,70.864998,VIJR
Jammu Airport,32.688849,74.838152,VIJU
Kishangarh Airport Ajmer,26.591007,74.812956,VIKG
Kota Airport,25.16020012,75.84559631,VIKO
Ludhiana Airport,30.85470009,75.95259857,VILD
Leh Kushok Bakula Rimpochee Airport,34.135899,77.546501,VILH
Chaudhary Charan Singh International Airport,26.760599,80.889297,VILK
Moradabad Airport,28.81746,78.92187,
Pathankot Airport,32.233611,75.634444,VIPK
Pantnagar Airport,29.0334,79.473701,VIPT
Sirsa Air Force Station,29.5606,75.006104,
Sheikh ul Alam International Airport,33.987099,74.7742,VISR
Udhampur Air Force Station,32.902152,75.155709,
Luang Phabang International Airport,19.904273,102.167191,VLLB
Pakse International Airport,15.133973,105.779871,VLPS
Savannakhet Airport,16.55660057,104.7600021,VLSK
Sam Neua Airport,20.4184,104.067001,VLSN
Wattay International Airport,17.985052,102.566692,VLVT
Aeropuerto Nacional Doctor Juan Plate,-22.159371,-57.942395,
Macau International Airport,22.149599,113.592003,VMMC
Long Thanh International Airport (Under Construction),10.772842,107.040596,VVLT
Gautam Buddha International Airport,27.504636,83.410381,VNBW
Janakpur Airport,26.708799,85.922401,VNJP
Tribhuvan International Airport,27.6966,85.3591,VNKT
Tenzing-Hillary Airport,27.686768,86.729479,VNLK
Nepalgunj Airport,28.1036,81.667,VNNG
Pokhara Domestic Airport,28.200621,83.981203,VNPK
Taplejung Airport,27.3509,87.69525,VNTJ
Biratnagar Airport,26.48150063,87.26399994,VNVT
Campbell Bay Airport / INS Baaz,7.01304,93.922798,
Agatti Airport,10.8237,72.176003,VOAT
HAL Airport,12.95,77.668198,
Bellary Airport,15.16279984,76.88279724,VOBI
Kempegowda International Airport Bengaluru,13.1979,77.706299,VOBL
Bidar Airport / Bidar Air Force Station,17.9081,77.487099,VOBR
Vijayawada International Airport,16.530011,80.804888,VOBZ
Coimbatore International Airport,11.03,77.043404,VOCB
Cochin International Airport,10.151047,76.400838,VOCI
Calicut International Airport,11.135996,75.955152,VOCL
Kadapa Airport,14.513154,78.769183,VOCP
Car Nicobar Air Force Base,9.153056,92.819273,VOCX
Dundigul Air Force Academy,17.62719917,78.40339661,
Manohar International Airport,15.744257,73.860625,VOGA
Goa Dabolim International Airport,15.380062,73.833328,VOGO
Rajiv Gandhi International Airport,17.231318,78.429855,VOHS
Begumpet Airport,17.4531,78.467598,VOHY
Kannur International Airport,11.916343,75.544979,VOKN
Kurnool Airport,15.716288,78.16923,VOKU
Madurai Airport,9.83450985,78.09339905,VOMD
Mangaluru International Airport,12.95471,74.886812,VOML
Chennai International Airport,12.990005,80.169296,VOMM
Mysore Airport,12.229751,76.653683,VOMY
Veer Savarkar International Airport / INS Utkrosh,11.640194,92.72902,VOPB
Pondicherry Airport,11.968,79.812,VOPC
Sri Sathya Sai Airport,14.14929962,77.79109955,VOPN
Rajahmundry Airport,17.105799,81.813204,VORY
Salem Airport,11.7833004,78.06559753,VOSM
Tirupati International Airport,13.631988,79.539869,VOTP
Tiruchirappalli International Airport,10.762915,78.717741,VOTR
Thiruvananthapuram International Airport,8.481889,76.920029,VOTV
Gelephu Airport,26.88456,90.46412,VQGP
Paro International Airport,27.4032,89.424599,VQPR
Maafaru International Airport,5.817407,73.468404,
Gan International Airport,-0.692975,73.152627,VRMG
Hanimaadhoo International Airport,6.743235,73.167072,VRMH
Kadhdhoo Airport,1.85916996,73.52189636,VRMK
Velana International Airport,4.19183,73.529099,VRMM
Kaadedhdhoo Airport,0.488131,72.996902,VRMT
Villa International Airport Maamigili,3.471751,72.832633,VRMV
Don Mueang International Airport,13.9126,100.607002,VTBD
Kamphaeng Saen Airport,14.10200024,99.91719818,VTBK
Khok Kathiam Airport,14.87462,100.663397,VTBL
Trat Airport,12.2746,102.319,VTBO
Suvarnabhumi Airport,13.6811,100.747002,VTBS
U-Tapao–Rayong–Pattaya International Airport,12.6799,101.004997,VTBU
Chiang Mai International Airport,18.76679993,98.96260071,VTCC
Mae Hong Son Airport,19.3013,97.9758,VTCH
Lampang Airport,18.27090073,99.5042038,VTCL
Nan Airport,18.80789948,100.7829971,VTCN
Phrae Airport,18.1322,100.165001,VTCP
Mae Fah Luang - Chiang Rai International Airport,19.952299,99.882896,VTCT
Phetchabun Airport,16.6760006,101.1949997,VTPB
Hua Hin Airport,12.63619995,99.95149994,VTPH
Takhli Royal Thai Air Force Base,15.2773,100.295998,VTPI
Mae Sot Airport,16.69989967,98.54509735,VTPM
Sukhothai Airport,17.23800087,99.81819916,VTPO
Phitsanulok Airport,16.7829,100.278999,VTPP
Tak Airport,16.896,99.253304,VTPT
Surat Thani Airport,9.132599831,99.13559723,VTSB
Narathiwat Airport,6.519919872,101.7429962,VTSC
Chumphon Airport,10.7112,99.361702,VTSE
Nakhon Si Thammarat Airport,8.539620399,99.94470215,VTSF
Krabi International Airport,8.095591,98.988955,VTSG
Songkhla Airport,7.186560154,100.6080017,VTSH
Pattani Airport,6.78546,101.153999,VTSK
Samui International Airport,9.54779,100.061996,VTSM
Cha Eian Airport,8.47115,99.955597,VTSN
Phuket International Airport,8.113257,98.3174,VTSP
Ranong Airport,9.77762,98.585503,VTSR
Hat Yai International Airport,6.93321,100.392998,VTSS
Trang Airport,7.50874,99.6166,VTST
Udon Thani International Airport,17.386186,102.788577,VTUD
Sakon Nakhon Airport,17.19510078,104.1190033,VTUI
Surin Airport,14.86830044,103.4980011,VTUJ
Khon Kaen Airport,16.46660042,102.7839966,VTUK
Loei Airport,17.43910027,101.7220001,VTUL
Buri Ram Airport,15.2295,103.252998,VTUO
Nakhon Ratchasima Airport,14.9495,102.313004,VTUQ
Ubon Ratchathani Airport,15.25129986,104.8700027,VTUU
Roi Et Airport,16.1168,103.774002,VTUV
Nakhon Phanom Airport,17.383801,104.642998,VTUW
Buon Ma Thuot Airport,12.66829968,108.1200027,VVBM
Cat Bi International Airport,20.817428,106.724315,VVCI
Cà Mau Airport,9.177667,105.177778,VVCM
Cam Ranh International Airport / Cam Ranh Air Base,11.9982,109.219002,VVCR
Con Dao Airport,8.73183,106.633003,VVCS
Can Tho International Airport,10.083397,105.709371,VVCT
Dien Bien Phu Airport,21.39749908,103.0080032,VVDB
Dong Hoi Airport,17.515,106.590556,VVDH
Lien Khuong Airport,11.750556,108.366997,VVDL
Da Nang International Airport,16.0439,108.198997,VVDN
Gia Lam Air Base,21.040501,105.886002,
Noi Bai International Airport,21.221201,105.806999,VVNB
Phu Bai International Airport,16.400628,107.703094,VVPB
Phu Cat Airport,13.955,109.042,VVPC
Pleiku Airport,14.00450039,108.0169983,VVPK
Phú Quốc International Airport,10.169783,103.99353,VVPQ
Rach Gia Airport,9.958029972,105.1323795,VVRG
Dong Tac Airport,13.0496,109.334,VVTH
Tan Son Nhat International Airport,10.8188,106.652,VVTS
Van Don International Airport,21.120693,107.41539,VVVD
Vinh Airport,18.73760033,105.6709976,VVVH
Dawei Airport,14.1039,98.203598,VYDW
Heho Airport,20.74714,96.792029,VYHH
Kengtung Airport,21.3015995,99.63600159,VYKG
Kyaukpyu Airport,19.42639923,93.53479767,VYKP
Kawthoung Airport,10.04930019,98.53800201,VYKT
Loikaw Airport,19.69149971,97.21479797,VYLK
Lashio Airport,22.97789955,97.75219727,VYLS
Mandalay International Airport,21.70219994,95.97789764,VYMD
Myeik Airport,12.43980026,98.62149811,VYME
Myitkyina Airport,25.3836,97.351898,VYMK
Meiktila Air Base,20.88640022,95.89279175,
Momeik Airport,23.09250069,96.64530182,VYMO
Mong Hsat Airport,20.51679993,99.25679779,VYMS
Nampong Air Base,25.35440063,97.29519653,
Namsang Airport,20.89049911,97.73590088,VYNS
Nay Pyi Taw International Airport,19.623501,96.200996,VYNT
Putao Airport,27.32990074,97.42630005,VYPT
Shante Air Base,20.94169998,95.91449738,
Sittwe Airport,20.133165,92.870693,VYSW
Thandwe Airport,18.46069908,94.30010223,VYTD
Tachileik Airport,20.48380089,99.93540192,VYTL
Yangon International Airport,16.90730095,96.1332016,VYYY
Sultan Hasanuddin International Airport,-5.075539,119.553702,WAAA
Frans Kaisiepo Airport,-1.19002,136.108002,WABB
Douw Aturure Airport,-3.397973,135.393071,WABI
Stevanus Rumbewas Airport,-1.82842,136.062402,WABO
Mozes Kilangin Airport,-4.52978,136.887388,
Sultan Muhammad Salahuddin Airport,-8.537184,118.685002,WADB
Denpasar I Gusti Ngurah Rai International Airport,-8.748409,115.167123,WADD
Lombok International Airport,-8.759962,116.278169,WADL
Sultan Babullah Airport,0.831012,127.381611,WAEE
Pitu Airport,2.04599,128.324997,
Toraja Airport,-3.185833,119.91775,WAFB
Mutiara - SIS Al-Jufrie Airport,-0.916462,119.908647,WAFF
Kasiguncu Airport,-1.414121,120.659241,
Syukuran Aminuddin Amir Airport,-1.035893,122.773934,WAFW
Tjilik Riwut Airport,-2.227146,113.943388,WAGG
Yogyakarta International Airport,-7.905338,110.057264,WAHI
Tunggul Wulung Airport,-7.64506,109.033997,WAHL
Dortheys Hiyo Eluay International Airport,-2.579627,140.519857,WAJJ
Oksibil Airport,-4.9071,140.6277,WAJO
Mopah International Airport,-8.523898,140.419693,WAKK
Tanah Merah Airport,-6.09669,140.303521,WAKT
Nusantara International Airport,-1.16053,116.71193,WALK
Sultan Aji Muhammad Sulaiman Sepinggan International Airport,-1.268342,116.89452,WALL
Juwata International Airport / Suharnoko Harbani AFB,3.325145,117.564169,WAQQ
Aji Pangeran Tumenggung Pranoto International Airport,-0.374478,117.250128,WALS
Naha Airport,3.68478,125.527162,WAMH
Sam Ratulangi International Airport,1.548591,124.92625,WAMM
Warukin Airport,-2.21656,115.435997,WAON
Syamsudin Noor International Airport,-3.440112,114.761209,WAOO
Karel Sadsuitubun Airport,-5.760278,132.759444,WAPF
Namniwel Airport,-3.143159,126.976469,WAPN
Pattimura International Airport,-3.71026,128.089005,WAPP
Kalimarau Airport,2.14776,117.430705,WAQT
Abdul Rachman Saleh Airport,-7.929099,112.714233,WARA
Adisutjipto International Airport,-7.78818,110.431999,WAHH
Adisoemarmo International Airport,-7.516044,110.757492,WAHQ
Juanda International Airport,-7.37983,112.787003,WARR
Jenderal Ahmad Yani Airport,-6.970732,110.373244,WAHS
Fakfak Airport,-2.920508,132.267011,WASF
Utarom Airport,-3.6446,133.695116,WASK
Babo Airport,-2.53224,133.438995,WASO
Rendani Airport,-0.891833,134.048996,WAUU
Domine Eduard Osok Airport,-0.894,131.287,WASS
El Tari Airport,-10.1716,123.670998,WATT
Wamena Airport,-4.097324,138.952417,WAVV
Matahora Airport,-5.292123,123.636233,WAWD
Sangia Nibandera Airport,-4.338158,121.524047,WAWP
Bintulu Airport,3.123850107,113.0199966,WBGB
Kuching International Airport,1.487364,110.352859,WBGG
Limbang Airport,4.808300018,115.0100021,WBGJ
Mukah Airport,2.881944,112.043333,WBGK
Marudi Airport,4.178734,114.330318,WBGM
Miri Airport,4.32201,113.987,WBGR
Sibu Airport,2.2616,111.985001,WBGS
Bario Airport,3.734648,115.478548,WBGZ
Lahad Datu Airport,5.03241,118.32376,WBKD
Kota Kinabalu International Airport,5.932743,116.049324,WBKK
Labuan Airport,5.301667,115.248333,WBKL
Sandakan Airport,5.900899887,118.0589981,WBKS
Tawau Airport,4.31338,118.12152,WBKW
Mulu Airport,4.04832983,114.8050003,WBMU
Brunei International Airport,4.9442,114.928001,WBSB
Sultan Syarif Kasim II International Airport / Roesmin Nurjadin AFB,0.458647,101.444321,WIBB
Pinang Kampai Airport,1.609026,101.433493,WIBD
Japura Airport,-0.352808,102.334999,WIBJ
Kertajati International Airport,-6.647384,108.165561,WICA
Husein Sastranegara International Airport,-6.90063,107.575996,WICC
Hang Nadim International Airport,1.12103,104.119003,WIDD
Raja Haji Fisabilillah International Airport,0.92397,104.53341,WIDN
Halim Perdanakusuma International Airport,-6.266989,106.890318,WIHH
Soekarno-Hatta International Airport,-6.12557,106.655998,WIII
Radin Inten II International Airport,-5.246803,105.182531,WILL
Binaka Airport,1.166275,97.705196,WIMB
Aek Godang Airport,1.4001,99.430496,WIME
Soewondo Air Force Base,3.558425,98.672275,WIMK
Kualanamu International Airport,3.637847,98.870566,WIMM
Dr. Ferdinand Lumban Tobing Airport,1.557127,98.887145,WIMS
Alas Leuser Airport,3.391456,97.863726,
Nanga Pinoh Airport,-0.34864,111.746155,WIOG
Rahadi Osman Airport,-1.817165,109.963469,WIOK
Ranai Airport,3.90871,108.388,
Supadio International Airport,-0.152258,109.404493,WIOO
Pangsuma Airport,0.834579,112.940217,WIOP
Tebelian Airport,-0.045214,111.458049,WIOS
Depati Amir Airport,-2.1622,106.139,WIKK
Fatmawati Soekarno Airport,-3.8637,102.338997,WIGG
Sultan Mahmud Badaruddin II Airport,-2.897653,104.698147,WIPP
Pendopo Airport,-3.286070108,103.8799973,WIPQ
Minangkabau International Airport,-0.785964,100.280384,WIEE
Cut Nyak Dhien Airport,4.040998,96.253312,WITC
Rembele Airport,4.72113,96.851943,WITK
Lhok Sukon Airport,5.06951,97.259201,WITL
Sultan Iskandar Muda International Airport,5.525087,95.41997,WITT
Kluang Airport,2.041389942,103.3069992,
Tioman Airport,2.81818,104.160004,WMBT
Sultan Abdul Halim Airport,6.189670086,100.3980026,WMKA
RMAF Butterworth Air Base,5.46592,100.390999,WMKB
Sultan Ismail Petra Airport,6.16685009,102.2929993,WMKC
Kuantan Airport,3.77538991,103.2089996,WMKD
Kerteh Airport,4.53722,103.427002,WMKE
Sultan Azlan Shah Airport,4.56733,101.091643,WMKI
Senai International Airport,1.64131,103.669998,WMKJ
Kuala Lumpur International Airport,2.74558,101.709999,WMKK
Langkawi International Airport,6.32973,99.728699,WMKL
Malacca International Airport,2.265613,102.252778,WMKM
Sultan Mahmud Airport,5.382639885,103.1029968,WMKN
Penang International Airport,5.296303,100.276185,WMKP
Sultan Abdul Aziz Shah International Airport,3.13058,101.549004,WMSA
"Commander in Chief of FALINTIL, Kay Rala Xanana Gusmão, International Airport",-9.301856,125.286302,WPDB
Presidente Nicolau Lobato International Airport,-8.546562,125.524507,WPDL
Baucau Airport,-8.486479,126.399981,WPEC
Oecusse Route of the Sandalwood International Airport,-9.198419,124.337873,WPOC
Changi Air Base (East),1.344140053,104.0090027,
Sembawang Air Base,1.42526,103.813004,
Paya Lebar Air Base,1.36042,103.910004,WSAP
Tengah Air Base,1.387561,103.708291,WSAT
Seletar Airport,1.41555,103.86673,WSSL
Singapore Changi Airport,1.35019,103.994003,WSSS
Khankala Air Base,43.2981,45.7841,
Lebyazhye Air Base,50.201698,45.208302,
Albany Airport,-34.943333,117.808889,YABA
RAAF Base Amberley,-27.635381,152.711223,YAMB
Ararat Airport,-37.309978,142.988688,YARA
Armidale Airport,-30.52809906,151.6170044,YARM
Ayers Rock Connellan Airport,-25.185913,130.97703,YAYE
Barcaldine Airport,-23.566268,145.302086,YBAR
Alice Springs Airport,-23.806588,133.903427,YBAS
Brisbane International Airport,-27.38419914,153.1170044,YBBN
Gold Coast Airport,-28.165962,153.506641,YBCG
Blackall Airport,-24.431678,145.429716,YBCK
Cairns International Airport,-16.878921,145.74948,YBCS
Charleville Airport,-26.41329956,146.2619934,YBCV
Birdsville Airport,-25.89749908,139.3480072,YBDV
Broken Hill Airport,-32.00139999,141.4720001,YBHI
Hamilton Island Airport,-20.35810089,148.9519959,YBHM
Bedourie Airport,-24.3461,139.460007,YBIE
Bourke Airport,-30.03919983,145.9519958,YBKE
Benalla Airport,-36.551899,146.007004,YBLA
Mount Isa Airport,-20.66638,139.488468,YBMA
Mackay Airport,-21.170816,149.182588,YBMK
Ballina Byron Gateway Airport,-28.833236,153.561471,YBNA
Bairnsdale Airport,-37.887539,147.569379,YBNS
Oakey Army Aviation Centre,-27.409262,151.736727,YBOK
Boulia Airport,-22.91329956,139.8999939,YBOU
Proserpine Whitsunday Coast Airport,-20.494416,148.553583,YBPN
Rockhampton Airport,-23.380019,150.475359,YBRK
Broome International Airport,-17.949194,122.2283,YBRM
Balranald Airport,-34.624834,143.577114,YBRN
Brewarrina Airport,-29.975792,146.81438,YBRW
Sunshine Coast Airport,-26.593324,153.08319,YBSU
Bathurst Airport,-33.406817,149.651161,YBTH
Bathurst Island Airport,-11.764966,130.615774,YBTI
Townsville Airport / RAAF Base Townsville,-19.252904,146.766512,YBTL
Blackwater Airport,-23.6031,148.807007,YBTR
Bundaberg Airport,-24.905039,152.322612,YBUD
Weipa Airport,-12.677493,141.922618,YBWP
Toowoomba Wellcamp Airport,-27.558332,151.793335,YBWW
Carnarvon Airport,-24.884337,113.666393,YCAR
Cobar Airport,-31.53829956,145.7940063,YCBA
Coonabarabran Airport,-31.3325,149.266998,YCBB
Coober Pedy Airport,-29.038312,134.722166,YCBP
Chinchilla Airport,-26.771947,150.617571,YCCA
Cloncurry Airport,-20.66860008,140.5039978,YCCY
Ceduna Airport,-32.13059998,133.7100067,YCDU
Cleve Airport,-33.709702,136.505005,YCEE
Coffs Harbour Airport,-30.320601,153.115997,YCFS
RAAF Base Curtin,-17.581389,123.828333,YCIN
Cooktown Airport,-15.443649,145.183221,YCKN
Clermont Airport,-22.7731,147.621002,YCMT
Cunnamulla Airport,-28.03000069,145.621994,YCMU
Coonamble Airport,-30.980946,148.377833,YCNM
Coen Airport,-13.761133,143.113311,YCOE
Cooma Snowy Mountains Airport,-36.300445,148.972408,YCOM
Corowa Airport,-35.994701,146.356995,YCOR
Corryong Airport,-36.18280029,147.8880005,YCRG
Cootamundra Airport,-34.624283,148.036641,YCTM
Cowra Airport,-33.846894,148.648007,YCWR
Dirranbandi Airport,-28.587912,148.217161,YDBI
Derby Airport,-17.37193,123.66221,YDBY
Deniliquin Airport,-35.55939865,144.9459991,YDLQ
Devonport Airport,-41.16970062,146.4299927,YDPO
Dysart Airport,-22.6222,148.363998,YDYS
Mokha International Airport,13.296941,43.231858,OYMK
Echuca Airport,-36.15719986,144.7619934,YECH
Elcho Island Airport,-12.01939964,135.5709991,YELD
Emerald Airport,-23.56749916,148.1790009,YEML
Esperance Airport,-33.684399,121.822998,YESP
Eliwana,-22.428395,116.887879,
Forbes Airport,-33.363602,147.934998,YFBS
Forrest Airport,-30.83662,128.112811,YFRT
Fitzroy Crossing Airport,-18.183596,125.559783,YFTZ
Gunnedah Airport,-30.957511,150.248981,YGDH
Geraldton Airport,-28.796101,114.707001,YGEL
Clarence Valley Regional Airport,-29.754795,153.031234,YGFN
Gladstone Airport,-23.869763,151.225439,YGLA
Goulburn Airport,-34.81029892,149.7259979,YGLB
Glen Innes Airport,-29.676029,151.691156,YGLI
Garden Point Airport,-11.399686,130.425568,YGPT
Groote Eylandt Airport,-13.972405,136.458553,YGTE
Griffith Airport,-34.25080109,146.0670013,YGTH
Hay Airport,-34.531399,144.830002,YHAY
Hervey Bay Airport,-25.320127,152.880662,YHBA
Horn Island Airport,-10.585636,142.29277,YHID
Halls Creek Airport,-18.2339,127.669998,YHLC
Hamilton Airport,-37.64889908,142.0650024,YHML
Mount Hotham Airport,-37.04750061,147.3339996,YHOT
Hopetoun Airport,-35.715302,142.360001,YHPN
Horsham Airport,-36.66970062,142.1730042,YHSM
Inverell Airport,-29.88829994,151.1439972,YIVL
Kerang Airport,-35.75139999,143.9389954,YKER
King Island Airport,-39.87749863,143.878006,YKII
Kempsey Airport,-31.07232,152.765313,YKMP
Kowanyama Airport,-15.485369,141.752572,YKOW
Kingaroy Airport,-26.581077,151.839927,YKRY
Kingscote Airport,-35.71390152,137.5209961,YKSC
Leigh Creek Airport,-30.598301,138.425995,YLEC
Leonora Airport,-28.87809944,121.3150024,YLEO
Lockhart River Airport,-12.7869,143.304993,YLHR
Lismore Airport,-28.830689,153.258419,YLIS
Lightning Ridge Airport,-29.452857,147.977146,YLRD
Longreach Airport,-23.4342,144.279999,YLRE
Leinster Airport,-27.84329987,120.7030029,YLST
Latrobe Valley Airport,-38.211004,146.470817,YLTV
Melbourne Avalon International Airport,-38.040269,144.467196,YMAV
Albury Airport,-36.066758,146.959148,YMAY
Mareeba Airport,-17.070277,145.424228,YMBA
Mudgee Airport,-32.564794,149.609452,YMDG
Meekatharra Airport,-26.61170006,118.5479965,YMEK
Melbourne Essendon Airport,-37.7281,144.901993,YMEN
Merimbula Airport,-36.90859985,149.901001,YMER
RAAF Base East Sale,-38.0989,147.149002,
Maningrida Airport,-12.05609989,134.2339935,YMGD
Hobart International Airport,-42.837032,147.513022,YMHB
Mildura Airport,-34.22919846,142.0859985,YMIA
Launceston Airport,-41.544935,147.210785,YMLT
Melbourne Moorabbin Airport,-37.977765,145.099799,YMMB
Melbourne Airport,-37.670732,144.837898,YMML
Mount Keith Airport,-27.28733,120.554937,YMNE
Mount Magnet Airport,-28.11610031,117.8420029,YMOG
Moree Airport,-29.49889946,149.8450012,YMOR
Moranbah Airport,-22.05780029,148.0769959,YMRB
Marree Airport,-29.6633,138.065002,YMRE
Moruya Airport,-35.89780045,150.1439972,YMRY
Mount Gambier Airport,-37.744382,140.780561,YMTG
Narrandera Airport,-34.70220184,146.5119934,YNAR
Narrabri Airport,-30.31920052,149.8269959,YNBR
Ngukurr Airport,-14.7228,134.746994,YNGU
Narromine Airport,-32.214699,148.225006,
Normanton Airport,-17.68409,141.069664,YNTN
Newman Airport,-23.4178009,119.8030014,YNWN
Orange Airport,-33.382014,149.131262,YORG
Adelaide International Airport,-34.947512,138.533393,YPAD
Port Augusta Airport,-32.50690079,137.7169952,YPAG
Paraburdoo Airport,-23.17110062,117.7450027,YPBO
Cocos (Keeling) Islands Airport,-12.192218,96.834103,YPCC
Darwin International Airport / RAAF Darwin,-12.41497,130.88185,YPDN
RAAF Base Pearce,-31.6678009,116.0149994,
RAAF Base Edinburgh,-34.705705,138.615564,
Gove Airport,-12.26939964,136.8179932,YPGV
Port Pirie Airport,-33.238899,137.994995,YPIR
Perth Jandakot Airport,-32.09749985,115.8809967,YPJT
Karratha Airport,-20.71220016,116.7730026,YPKA
Kalgoorlie Boulder Airport,-30.791543,121.464586,YPKG
Parkes Airport,-33.13140106,148.2389984,YPKS
Port Keats Airport,-14.249701,129.529538,
East Kimberley Regional (Kununurra) Airport,-15.7781,128.707993,YPKU
Port Lincoln Airport,-34.6053009,135.8800049,YPLC
Learmonth Airport,-22.235201,114.090024,YPLM
Port Macquarie Airport,-31.43580055,152.8630066,YPMQ
Portland Airport,-38.31809998,141.470993,YPOD
Port Hedland International Airport,-20.382787,118.629789,YPPD
Perth International Airport,-31.94029999,115.9670029,YPPH
Tindal Airport,-14.52110004,132.378006,YPTN
Christmas Island International Airport,-10.450387,105.6911,YPXM
Quilpie Airport,-26.609176,144.253746,YQLP
Renmark Airport,-34.1964,140.673996,YREN
Roma Airport,-26.54500008,148.7749939,YROM
Sydney Bankstown Airport,-33.923618,150.990792,YSBK
Canberra Airport,-35.3069,149.195007,YSCB
Camden Airport,-34.038338,150.686406,YSCN
Dubbo City Regional Airport,-32.21670151,148.5749969,YSDU
Shark Bay Airport,-25.897294,113.575802,YSHK
Shellharbour Airport,-34.5611,150.789001,
Shepparton Airport,-36.428341,145.391473,YSHT
Smithton Airport,-40.83499908,145.0839996,YSMI
Snake Bay Airport,-11.417674,130.648481,
Norfolk Island International Airport,-29.041759,167.939474,YSNF
Naval Air Station Nowra - HMAS Albatross,-34.9466,150.542451,YSNW
RAAF Base Richmond,-33.604652,150.783051,YSRI
Sydney Kingsford Smith International Airport,-33.946098,151.177002,YSSY
Tamworth Airport,-31.077898,150.845484,YSTW
Wagga Wagga Airport,-35.163484,147.46832,YSWG
Swan Hill Airport,-35.37580109,143.5330048,YSWH
Stawell Airport,-37.07170105,142.7409973,YSWL
[Duplicate] Western Sydney International Airport,-33.88806,150.71472,YSWS
Telfer Airport,-21.715,122.228996,YTEF
Temora Airport,-34.421398,147.511993,YTEM
Thargomindah Airport,-27.986368,143.812065,YTGM
Tibooburra Airport,-29.451099,142.057999,YTIB
Tumut Aerodrome,-35.26832,148.240526,YTMU
Thangool Airport,-24.494863,150.577967,YTNG
Tennant Creek Airport,-19.63439941,134.1829987,YTNK
Taree Airport,-31.888599,152.514008,YTRE
Windorah Airport,-25.410641,142.668428,YWDH
Wangaratta Airport,-36.417914,146.306896,YWGT
Whyalla Airport,-33.05889893,137.5140076,YWHA
Warracknabeal Airport,-36.32109833,142.4190063,YWKB
Walgett Airport,-30.032801,148.126007,YWLG
Newcastle Airport,-32.796114,151.835025,YWLM
Wiluna Airport,-26.62919998,120.2210007,YWLU
William Creek Aerodrome,-28.905854,136.3406,
Warren Airport,-31.733299,147.802994,
West Sale Airport,-38.090827,146.965335,YWSL
Winton Airport,-22.36359978,143.0859985,YWTN
West Wyalong Airport,-33.93719864,147.1909943,YWWL
Wynyard Airport,-40.997039,145.726,YWYY
Young Airport,-34.255576,148.247118,YYNG
Wujah Al Hajar Air Base,34.281226,35.680096,
Beijing Capital International Airport,40.077349,116.596702,ZBAA
Beijing Daxing International Airport,39.501289,116.413967,ZBAD
Beijing Xijiao Airport,39.958592,116.256765,ZBBB
Chengde Puning Airport,41.1225,118.073889,ZBCD
Chifeng Yulong Airport,42.159723,118.840971,ZBCF
Qinhuangdao Beidaihe Airport,39.666384,119.061384,ZBDH
Ordos Ejin Horo International Airport,39.493514,109.8599,ZBDS
Datong Yungang International Airport,40.06139,113.480509,ZBDT
Erenhot Saiwusu International Airport,43.424079,112.091081,ZBER
Arxan Yi'ershi Airport,47.3106,119.9117,ZBES
Handan Airport,36.524824,114.424126,ZBHD
Hohhot Baita International Airport,40.849658,111.824598,ZBHH
Holingol Huolinhe Airport,45.487222,119.407222,ZBHZ
Hulunbuir Hailar Airport,49.208616,119.822301,ZBLA
Linfen Yaodu Airport,36.132629,111.641236,ZBLF
Lüliang Dawu Airport,37.683333,111.142778,ZBLL
Manzhouli Xijiao Airport,49.566667,117.33,ZBMZ
Baotou Donghe International Airport,40.560001,109.997002,ZBOW
Shuozhou Zirun Airport,39.273241,112.691552,ZBSG
Shijiazhuang Zhengding International Airport,38.280701,114.696999,ZBSJ
Tianjin Binhai International Airport,39.12440109,117.3460007,ZBTJ
Tongliao Airport,43.556702,122.199997,ZBTL
Ulanqab Jining Airport,41.130266,113.107274,
Wuhai Airport,39.7934,106.7993,ZBUH
Xilinhot Airport,43.91559982,115.9639969,ZBXH
Yuncheng Yanhu International Airport,35.117823,111.034023,ZBYC
Taiyuan Wusu International Airport,37.746899,112.627998,ZBYN
Bayannur Tianjitai Airport,40.926358,107.74093,ZBYZ
Zhangjiakou Ningyuan Airport,40.738664,114.933395,ZBZJ
Zhalantun Genghis Khan Airport,47.865942,122.768662,ZBZL
Beihai Fucheng Airport,21.538659,109.293683,ZGBH
Baise (Bose) Bama Airport,23.7206,106.959999,ZGBS
Changde Taohuayuan Airport,28.9189,111.639999,ZGCD
Huaihua Zhijiang Airport,27.443087,109.704666,ZGCJ
Chenzhou Beihu Airport,25.753419,112.845404,ZGCZ
Zhangjiajie Hehua International Airport,29.104749,110.442786,ZGDY
Foshan Shadi Airport,23.0825,113.070833,ZGFS
Guangzhou Baiyun International Airport,23.392401,113.299004,ZGGG
Changsha Huanghua International Airport,28.189199,113.220001,ZGHA
Hechi Jinchengjiang Airport,24.804344,107.710819,ZGHC
Huizhou Pingtan Airport,23.049999,114.599998,ZGHZ
Guilin Liangjiang International Airport,25.219828,110.039553,ZGKL
Yongzhou Lingling Airport,26.338661,111.610043,ZGLG
Nanning Wuxu International Airport,22.598071,108.181922,ZGNN
Jieyang Chaoshan International Airport,23.552,116.5033,ZGOW
Zhuhai Jinwan Airport,22.006399,113.375999,ZGSD
Shaoyang Wugang Airport,26.806123,110.641042,ZGSY
Shenzhen Bao'an International Airport,22.639474,113.803262,ZGSZ
Wuzhou Xijiang Airport,23.40316,111.09331,ZGWZ
Yulin Fumian Airport,22.433042,110.119996,ZGYL
Yueyang Sanhe Airport,29.311699,113.281574,ZGYY
Liuzhou Bailian Airport / Bailian Air Base,24.2075,109.390999,ZGZH
Zhanjiang Wuchuan International Airport,21.481667,110.590278,ZGZJ
Zhengzhou Xinzheng International Airport,34.526497,113.849165,ZHCC
Ezhou Huahu International Airport,30.341178,115.03926,ZHEC
Enshi Xujiaping Airport,30.320299,109.485001,ZHES
Guangzhou MR Air Base / Guanghua Airport,32.38866,111.69425,ZHGH
Wuhan Tianhe International Airport,30.774798,114.213723,ZHHH
Jingzhou Shashi Airport,30.29281,112.44854,ZHJZ
Luoyang Beijiao Airport,34.7411,112.388,ZHLY
Shennongjia Hongping Airport,31.626,110.34,ZHSN
Shiyan Wudangshan Airport,32.592889,110.906296,ZHSY
Xiangyang Liuji Airport,32.152222,112.291666,ZHXF
Xinyang Minggang Airport,32.540819,114.079141,ZHXY
Yichang Sanxia Airport,30.554132,111.482563,ZHYC
Haikou Meilan International Airport,19.9349,110.459,ZJHK
Qionghai Bo'ao Airport,19.140951,110.452766,ZJQH
Sanya Phoenix International Airport,18.3029,109.412003,ZJSY
Orang (Chongjin) Airport,41.428538,129.647555,ZKHM
Pyongyang Sunan International Airport,39.224098,125.669998,ZKPY
Sunchon Air Base,39.412463,125.890273,
Sondok Airport,39.745201,127.473999,ZKSD
Wonsan Kalma Airport,39.165219,127.487931,ZKWS
Dunhuang Mogao International Airport,40.161953,94.812827,ZLDH
Haixi Delingha Airport,37.125286,97.268658,ZLDL
Golog Maqên Airport,34.418066,100.301144,ZLGL
Golmud Airport,36.4006,94.786102,ZLGM
Guyuan Liupanshan Airport,36.078889,106.216944,ZLGY
Huatugou Airport,38.201645,90.837843,ZLHX
Hanzhong Chenggu Airport,33.133527,107.203817,ZLHZ
Yinchuan Hedong International Airport,38.322758,106.393214,ZLIC
Jinchang Jinchuan Airport,38.542222,102.348333,ZLJC
Jiayuguan International Airport,39.859052,98.339344,ZLJQ
Lanzhou Zhongchuan International Airport,36.515202,103.620003,ZLLL
Longnan Chengzhou Airport,33.789918,105.790014,ZLLN
Qingyang Xifeng Airport,35.802638,107.598896,ZLQY
Xi'an Xiguan Airport,34.376701,109.120003,ZLSN
Tianshui Maijishan Airport,34.5601,105.860343,ZLTS
Gannan Xiahe Airport,34.819014,102.622261,ZLXH
Xining Caojiabao International Airport,36.52775,102.040215,ZLXN
Xi'an Xianyang International Airport,34.442207,108.762385,ZLXY
Yan'an Nanniwan Airport,36.479413,109.464083,ZLYA
Yulin Yuyang Airport,38.35971,109.590927,ZLYL
Yushu Batang Airport,32.836389,97.036389,ZLYS
Zhongwei Shapotou Airport,37.573125,105.154454,ZLZW
Zhangye Ganzhou Airport,38.801899,100.675003,ZLZY
Kalumbila Airport,-12.25358,25.44432,
Arvaikheer Airport,46.25030136,102.802002,ZMAH
Altai Airport,46.37639999,96.22109985,ZMAT
Bayankhongor Airport,46.1633,100.704002,ZMBH
Bulgan Airport,48.85499954,103.4759979,ZMBN
Baruun Urt Airport,46.66030121,113.2850037,ZMBU
Choibalsan Airport,48.135381,114.647231,ZMCD
Ulaanbaatar Chinggis Khaan International Airport,47.646916,106.819833,ZMCK
Dalanzadgad Airport,43.608628,104.367734,ZMDZ
Khovd Airport,47.954102,91.628197,ZMKD
Mörön Airport,49.663677,100.100028,ZMMN
Buyant-Ukhaa International Airport,47.843102,106.766998,ZMUB
Ulaangom Airport,50.066588,91.938273,ZMUG
Ölgii Mongolei International Airport,48.993301,89.922501,ZMUL
Baoshan Yunrui Airport,25.053301,99.168297,ZPBS
Cangyuan Washan Airport,23.276331,99.373169,ZPCW
Dali Fengyi Airport,25.649401,100.319,ZPDL
Diqing Shangri-La Airport,27.7936,99.6772,ZPDQ
Xishuangbanna Gasa International Airport,21.974648,100.762224,ZPJH
Lancang Jingmai Airport,22.417733,99.784012,ZPJM
Lincang Boshang Airport,23.7381,100.025002,ZPLC
Lijiang Sanyi International Airport,26.677483,100.244944,ZPLJ
Dehong Mangshi International Airport,24.4011,98.5317,ZPMS
Kunming Changshui International Airport,25.110313,102.936743,ZPPP
Yuanmou Air Base,25.737499,101.882004,ZPYM
Zhaotong Airport,27.327549,103.75617,
Xiamen Gaoqi International Airport,24.543889,118.127454,ZSAM
Anqing Tianzhushan Airport / Anqing North Air Base,30.582199,117.050003,ZSAQ
Bengbu Renheji Airport,32.847733,117.320244,ZSBB
Changzhou Benniu International Airport,31.920485,119.77546,ZSCG
Nanchang Changbei International Airport,28.864815,115.90271,ZSCN
Dongying Shengli Airport,37.50137,118.789863,ZSDY
Fuyang Xiguan Airport,32.882157,115.734364,ZSFY
Fuzhou Changle International Airport,25.929254,119.672524,ZSFZ
Hangzhou Xiaoshan International Airport,30.23609,120.428865,ZSHC
Heze Mudan Airport,35.212972,115.736748,ZSHZ
Jingdezhen Luojia Airport,29.3386,117.176003,ZSJD
Jining Da'an Airport,35.647358,116.743269,ZSJG
Jinan Yaoqiang International Airport,36.857201,117.216003,ZSJN
Quzhou Airport,28.96613,118.898793,ZSJU
Lianyungang Huaguoshan International Airport,34.41406,119.17899,ZSLG
Liancheng Guanzhishan Airport,25.67592,116.745907,ZSLO
Taizhou Luqiao Airport,28.562201,121.429001,ZSLQ
Linyi Qiyang Airport,35.052918,118.411828,ZSLY
Ningbo Lishe International Airport,29.82670021,121.461998,ZSNB
Nanjing Lukou International Airport,31.735032,118.865949,ZSNJ
Nantong Xingdong International Airport,32.073566,120.980076,ZSNT
Hefei Xinqiao International Airport,31.98779,116.9769,ZSOF
Shanghai Pudong International Airport,31.1434,121.805,ZSPD
Qingdao Jiaodong International Airport,36.361953,120.088171,ZSQD
Quanzhou Jinjiang International Airport,24.795855,118.588599,ZSQZ
Rugao Air Base,32.258341,120.501131,ZSRG
Rizhao Shanzihe Airport,35.405033,119.324403,ZSRZ
Huai'an Lianshui Airport,33.792712,119.126657,ZSSH
Sanming Shaxian Airport,26.4263,117.8336,ZSSM
Shangrao Sanqingshan Airport,28.3797,117.9643,ZSSR
Shanghai Hongqiao International Airport,31.198104,121.33426,ZSSS
Suzhou Guangfu Airport,31.2631,120.401001,ZSSZ
Huangshan Tunxi International Airport,29.733299,118.255997,ZSTX
Wuhu Xuanzhou Airport,31.1045,118.66687,ZSWA
Weifang Nanyuan Airport,36.646702,119.119003,ZSWF
Weihai Dashuibo Airport,37.187099,122.228996,ZSWH
Sunan Shuofang International Airport,31.496952,120.43038,ZSWX
Nanping Wuyishan Airport,27.7019,118.000999,ZSWY
Wenzhou Longwan International Airport,27.910572,120.853465,ZSWZ
Xuzhou Guanyin International Airport,34.059056,117.555278,ZSXZ
Yangzhou Taizhou Airport,32.5634,119.7198,ZSYA
Yichun Mingyueshan Airport,27.8025,114.3062,ZSYC
Yancheng Nanyang International Airport,33.428317,120.20545,ZSYN
Yantai Penglai International Airport,37.659724,120.978124,ZSYT
Yiwu Airport,29.342095,120.03116,ZSYW
Zhoushan Putuoshan International Airport,29.933874,122.362307,ZSZS
Ngari Gunsa Airport,32.09794,80.053971,ZUAL
Anshun Huangguoshu Airport,26.260556,105.873333,ZUAS
Qamdo Bangda Airport,30.55360031,97.10829926,ZUBD
Bijie Feixiong Airport,27.267066,105.472097,ZUBJ
Chongqing Jiangbei International Airport,29.712254,106.651895,ZUCK
Dazhou Jinya Airport,31.048815,107.435646,ZUDA
Daocheng Yading Airport,29.31632,100.060317,ZUDC
Tongren Dejiang Airport (Under Construction),28.121,108.1631,ZUDJ
Guanghan Airport,30.9485,104.3296,ZUGH
Guangyuan Panlong Airport,32.390254,105.694571,ZUGU
Guiyang Longdongbao International Airport,26.541805,106.80402,ZUGY
Hongyuan Airport,32.53154,102.35224,ZUHY
Jiuzhai Huanglong Airport,32.853333,103.682222,ZUJZ
Kangding Airport,30.142464,101.73872,ZUKD
Kaili Huangping Airport,26.972,107.988,ZUKJ
Lhasa Gonggar International Airport,29.298001,90.911951,ZULS
Luzhou Yunlong Airport,29.030357,105.468407,ZULZ
Zunyi Maotai Airport,27.961837,106.435416,ZUMT
Mianyang Nanjiao Airport,31.428101,104.740997,ZUMY
Liping Airport,26.32217,109.1499,ZUNP
Nyingchi Mainling Airport,29.303301,94.335297,ZUNZ
Liupanshui Yuezhao Airport,26.609417,104.979,ZUPS
Qianjiang Wulingshan Airport,29.51333333,108.8311111,ZUQJ
Xigaze Peace Airport / Shigatse Air Base,29.350876,89.299157,ZURK
Tengchong Tuofeng Airport,24.938056,98.485833,ZPTC
Chengdu Tianfu International Airport,30.31252,104.441284,ZUTF
Tongren Fenghuang Airport,27.883333,109.308889,ZUTR
Chengdu Shuangliu International Airport,30.558257,103.945966,ZUUU
Chongqing Xiannüshan Airport,29.465658,107.693664,ZUWL
Xichang Qingshan Airport,27.9891,102.183998,ZUXC
Yibin Wuliangye Airport,28.858431,104.526157,ZUYB
Xingyi Wanfenglin Airport,25.083423,104.960804,ZUYI
Panzhihua Bao'anying Airport,26.54,101.79852,ZUZH
Zunyi Xinzhou Airport,27.810723,107.247189,ZUZY
Aksu Hongqipo Airport,41.262501,80.291702,ZWAK
Altay Xuedu Airport,47.749886,88.085808,ZWAT
Bole Alashankou Airport,44.895461,82.30007,ZWBL
Qiemo Yudu Airport,38.234516,85.465462,ZWCM
Fuyun Koktokay Airport,46.804169,89.512006,ZWFY
Hami Airport,42.8414,93.669197,ZWHM
Korla Licheng Airport,41.614979,86.140817,ZWKL
Burqin Kanas Airport,48.2223,86.9959,ZWKN
Barkol Dahe Airport,43.756544,93.137164,ZWLK
Xinyuan Nalati Airport,43.4318,83.3786,ZWNL
Ruoqiang Loulan Airport,38.974722,88.008333,ZWRQ
Shache Airport,38.24542,77.056149,ZWSC
Kashgar Laining International Airport,39.542273,76.02023,ZWSH
Shanshan Airport,42.911701,90.247498,ZWSS
Turpan Jiaohe Airport,43.0308,89.0987,ZWTL
Hotan Airport,37.03850174,79.86489868,ZWTN
Ürümqi Tianshan International Airport,43.913584,87.479372,ZWWW
Ili Yining International Airport,43.955799,81.330299,ZWYN
Anshan Teng'ao Airport / Anshan Air Base,41.105301,122.853996,ZYAS
Baicheng Chang'an Airport,45.505278,123.019722,ZYBA
Changbaishan Airport,42.066944,127.602222,ZYBS
Changchun Longjia International Airport,43.996201,125.684998,ZYCC
Chaoyang Airport,41.538101,120.434998,ZYCY
Dandong Langtou International Airport,40.025453,124.28669,ZYDD
Wudalianchi Dedu Airport,48.441037,126.128374,ZYDU
Fuyuan Dongji Airport,48.197219,134.36298,ZYFY
Harbin Taiping International Airport,45.623402,126.25,ZYHB
Heihe Aihui Airport,50.171621,127.308884,ZYHE
Daxing'anling Elunchun Airport,50.371389,124.1175,ZYJD
Jiamusi Songjiang International Airport,46.842793,130.46426,ZYJM
Jiansanjiang Shidi Airport,47.108248,132.65792,ZYJS
Jixi Xingkaihu Airport,45.293,131.193,ZYJX
Jinzhou Bay Airport,40.936032,121.277114,ZYJZ
Yichun Lindu Airport,47.752056,129.019125,ZYLD
Mudanjiang Hailang International Airport,44.525172,129.568634,ZYMD
Mohe Gulian Airport,52.916871,122.422759,ZYMH
Qiqihar Sanjiazi Airport,47.229969,123.914179,ZYQQ
Songyuan Chaganhu Airport,44.931143,124.552121,ZYSQ
Dalian Zhoushuizi International Airport,38.965719,121.538477,ZYTL
Tonghua Sanyuanpu Airport,42.048435,125.733963,ZYTN
Shenyang Taoxian International Airport,41.6398,123.483668,ZYTX
Xingcheng Air Base,40.580328,120.700374,ZYXC
Yanji Chaoyangchuan Airport,42.88280106,129.451004,ZYYJ
Yingkou Lanqi Airport,40.542524,122.3586,ZYYK
Shenyang Dongta Airport,41.784354,123.496308,ZYYY